GameID,Age,TotalHours,APM,LeagueIndex
52,27,3000,143.718,5
55,23,5000,129.2322,5
56,30,200,69.9612,4
57,19,400,107.6016,3
58,32,500,122.8908,3
60,27,70,44.457,2
61,21,240,46.9962,1
72,17,10000,212.6022,7
77,20,2708,117.4884,4
81,18,800,155.9856,4
83,16,6000,153.801,3
93,26,190,79.2948,4
97,18,350,67.4754,3
98,38,1000,119.4366,3
100,16,5000,160.4754,5
102,17,1500,81.7722,5
105,28,2000,50.8374,4
106,20,120,160.6464,5
118,16,350,107.9118,5
127,26,1100,114.7806,4
132,21,800,115.1274,5
138,21,500,133.7016,6
139,18,800,99.5088,5
140,26,500,83.9172,5
141,17,500,216.6936,4
142,23,800,129.8598,4
144,18,2520,267.5586,6
149,25,800,74.1174,5
154,25,700,101.6796,5
158,18,160,150.5004,6
160,19,150,64.6416,3
161,18,250,41.9094,3
162,16,1000,128.0784,5
163,16,500,161.3466,6
168,22,400,90.7686,4
169,20,730,162.0876,6
171,18,230,69.5076,1
175,16,300,81.0702,3
178,22,300,157.332,5
180,23,100,67.6194,4
181,25,200,75.9642,2
182,25,200,164.1114,5
184,20,270,101.7864,4
187,25,100,79.128,2
193,22,1200,120.7014,4
194,18,800,108.5424,6
196,18,800,84.1578,5
201,23,30,66.7818,3
203,18,2000,129.1464,6
204,18,600,62.2194,3
209,20,150,72.141,3
210,23,100,83.9658,4
212,17,540,199.6854,5
213,29,800,66.6738,4
215,27,250,73.9722,2
219,21,730,130.941,6
220,27,280,55.047,2
223,16,1600,181.104,6
225,22,1000,98.6694,4
226,18,50,107.4186,4
228,18,140,119.8716,4
229,18,200,111.8556,5
230,24,200,87.162,3
234,16,50,109.038,2
235,16,700,163.4436,6
240,20,900,127.6602,6
244,23,600,142.5096,5
246,19,550,106.4316,5
250,23,700,68.6388,5
251,23,2000,128.0802,6
256,20,625,189.1506,6
257,17,100,98.634,3
260,35,1300,38.6472,3
263,22,450,114.942,2
264,16,750,211.0536,6
265,21,350,77.7252,5
266,28,1200,62.8314,4
267,22,160,134.571,5
268,31,400,119.232,4
272,26,600,83.2656,4
280,21,612,109.4994,4
281,23,1300,110.7312,5
284,25,180,107.4084,4
288,32,400,53.8788,2
290,31,300,72.0948,3
297,18,180,162.4398,5
299,21,1000,111.0876,5
301,19,450,117.4128,5
302,27,150,164.4894,5
305,20,1600,195.1986,6
312,17,730,116.2062,5
314,17,300,207.576,6
316,20,770,193.6086,5
318,17,720,335.499,5
320,19,500,188.76,5
321,30,500,62.898,3
329,24,1000,146.6856,6
333,16,300,76.8504,2
336,23,415,59.181,4
338,31,500,100.4322,4
339,16,500,157.9002,6
342,22,200,87.2484,3
350,16,150,130.4472,4
351,22,1000,189.375,6
357,21,1000,286.4538,7
361,21,350,178.368,6
363,33,120,68.6598,1
366,23,500,136.5768,5
371,25,400,262.611,6
378,19,730,91.308,3
381,23,1800,176.5188,6
383,16,2200,209.8398,6
384,22,480,108.4692,3
388,18,430,166.902,6
389,21,350,89.9394,4
392,19,639,197.5674,4
393,22,1000,91.866,6
394,21,730,166.5636,5
396,19,360,99.2874,3
398,24,1250,216.6852,7
400,21,750,130.5,6
401,19,480,52.8438,3
403,17,365,200.9172,5
407,19,1000,144.6822,5
408,23,300,125.7894,5
411,23,1000,113.601,6
418,16,300,157.9686,6
422,20,100,61.7502,2
423,22,700,83.085,4
424,32,300,38.2104,4
426,18,400,83.376,3
434,23,500,119.5992,5
435,19,700,129.9594,5
436,18,450,78.825,3
438,16,600,81.711,5
439,25,800,76.5426,3
442,19,50,88.1628,4
443,29,1000,134.2992,5
444,22,100,66.8676,3
449,21,50,37.2018,3
454,24,400,207.8286,6
455,17,720,203.2488,6
457,21,650,169.3164,5
458,19,400,172.4688,5
464,20,1000,96.756,4
466,22,500,297.0672,6
473,17,500,109.6176,6
475,19,200,62.1042,4
476,19,1500,151.9794,6
480,19,800,133.884,6
490,20,233,69.1764,4
497,27,416,149.094,6
506,26,200,111.342,5
508,25,800,87.2346,6
509,20,500,135.414,6
511,18,600,125.832,4
512,27,120,58.6008,3
513,24,1200,186.7284,6
514,16,1000,79.2294,4
517,32,1000,145.7052,4
519,17,150,115.536,4
523,17,1825,165.321,6
525,17,780,174.2208,5
526,16,350,129.5088,4
527,23,400,156.9822,3
529,17,1260,82.5732,4
531,18,500,135.3252,6
532,22,315,54.0792,1
535,19,200,85.0974,4
536,22,500,67.1406,5
540,24,750,157.167,6
542,19,480,156.2238,4
545,25,700,127.887,5
546,23,300,94.2774,4
547,16,1260,114.2112,3
557,18,2000,133.3434,4
560,17,600,99.5436,5
568,20,600,114.8658,5
569,32,250,76.0464,3
570,21,500,86.7318,4
572,28,600,91.3278,5
576,23,200,100.4274,5
578,25,600,99.8568,5
581,21,800,120.9714,5
584,24,10,44.5248,2
585,28,312,131.097,5
588,17,430,129.3624,4
590,19,730,60.4956,1
591,17,400,87.531,4
600,17,300,89.031,1
601,25,110,133.6512,3
604,21,200,68.1486,3
607,22,1000,55.077,4
608,18,1700,70.7214,6
609,16,1000,165.0564,6
611,21,1260,143.7696,6
614,24,700,99.5442,5
616,20,600,125.8662,5
621,16,450,124.5054,3
623,18,1200,136.485,5
626,24,200,148.0326,5
628,18,500,89.5368,2
629,37,800,327.7218,5
630,19,300,121.377,3
631,21,600,187.4826,6
632,18,1000,141.735,5
633,16,92,100.3074,3
636,16,800,118.9332,5
637,19,900,158.868,6
638,19,2500,125.118,6
643,22,1000,93.741,6
645,21,500,101.6526,2
649,19,1400,172.1688,6
650,27,220,84.8274,3
651,29,100,86.5122,2
652,17,730,114.2478,3
654,26,730,93.5688,3
655,18,700,128.9046,5
656,25,800,138.1902,5
664,28,500,72.816,5
666,21,800,85.395,5
672,23,400,114.7236,2
674,23,400,141.6378,4
680,16,1000,197.7714,6
681,28,500,48.0486,3
683,20,999,110.1012,4
685,19,500,125.103,4
689,22,700,34.9278,2
691,20,200,73.5696,4
692,18,400,87.5064,2
694,18,250,73.02,2
699,21,150,86.2812,1
701,19,120,119.073,2
703,23,500,99.9318,3
704,25,2500,160.971,6
705,17,100,167.6424,5
710,22,500,124.5138,6
711,17,900,145.806,5
712,20,600,130.1964,4
713,20,500,133.8408,3
716,19,600,64.7592,4
720,21,1000,105.6162,5
722,20,550,175.92,5
723,20,150,107.1972,5
724,23,700,76.1916,3
730,22,1000,132.111,6
731,35,250,33.6204,1
732,20,300,55.4748,3
735,18,500,96.3384,2
736,18,450,137.964,3
739,18,720,99.8766,5
746,18,700,105.147,5
747,22,700,89.2788,5
750,23,450,105.6042,6
751,24,303,72.069,4
754,20,50,43.3884,2
756,23,1200,111.759,6
758,23,100,45.3894,2
759,19,1825,147.1572,5
760,26,500,82.9908,4
762,18,600,58.947,4
765,23,96,82.458,3
766,22,30,43.779,1
771,20,250,44.0304,1
774,21,350,95.8032,3
776,21,200,77.3832,2
779,28,100,68.214,1
780,19,100,86.1144,3
781,24,800,180.282,5
784,16,360,156.0678,4
787,18,600,139.9266,5
788,20,250,169.0608,6
789,16,450,119.1558,4
790,24,300,100.5552,4
792,17,120,69.5898,3
793,21,150,73.6266,2
796,23,1260,240.7638,6
797,26,250,100.3596,5
798,24,700,148.9158,5
799,17,500,61.8882,4
813,24,1000,94.0662,6
816,16,450,97.482,2
818,20,700,91.1646,4
819,18,300,65.8302,2
822,23,650,93.6108,3
824,16,184,113.9904,4
833,23,300,125.7312,3
834,22,600,151.8984,6
836,23,800,104.3874,5
837,19,4000,194.1858,4
841,20,400,109.968,4
842,18,420,193.3734,6
843,22,300,63.7248,3
849,20,800,116.1894,6
851,22,350,130.2162,4
865,21,350,69.9006,4
866,20,1000,61.467,3
872,25,1300,132.0822,5
874,27,50,46.7628,4
875,25,300,94.7148,5
877,18,700,91.3014,5
883,17,400,79.2378,2
887,21,500,85.7514,5
888,19,730,161.0184,5
891,18,220,89.8518,2
892,21,1100,118.8882,6
893,22,400,100.1172,4
898,16,1000,149.8014,6
900,22,700,82.9572,2
901,22,60,105.9774,2
902,27,300,102.8652,3
905,25,700,78.8676,3
910,19,100,101.598,3
912,23,400,97.1082,3
915,18,500,119.8566,3
921,19,10,55.9674,4
928,18,700,48.5016,4
931,24,350,105.0174,5
941,20,450,102.8466,5
942,24,250,80.088,4
953,25,2400,182.6208,7
958,18,180,90.2904,3
961,16,730,111.753,4
966,22,1000,87.9012,4
967,24,2160,192.9342,6
970,19,350,104.1918,6
974,17,80,48.8586,3
975,19,900,91.0182,3
979,16,10,32.673,2
981,22,1260,132.1734,5
987,19,200,90.2976,4
993,21,300,115.2306,5
995,22,25,90.6156,3
997,20,800,116.7888,4
998,20,700,99.3978,4
1000,17,624,138.3468,6
1004,20,700,57.0798,4
1008,23,2000,98.4858,4
1009,20,5000,84.7086,5
1010,18,650,188.862,6
1013,28,176,69.1182,1
1016,24,60,25.6062,1
1021,19,400,117.1998,5
1023,20,500,84.9,4
1025,26,300,56.1744,3
1029,21,100,84.2382,2
1030,25,400,105.8694,2
1031,25,1000,51.0624,2
1032,28,300,40.4076,4
1033,19,300,66.093,2
1034,31,750,205.3416,5
1043,16,200,76.6992,3
1047,24,450,98.0592,4
1053,26,120,85.4424,3
1055,17,1000,99.5586,4
1061,20,200,115.488,4
1062,26,300,81.336,4
1063,25,80,90.867,4
1064,17,,94.4724,5
1070,18,1200,95.6406,5
1071,22,35,68.9142,2
1074,22,400,38.3274,1
1076,24,400,129.7716,5
1077,24,1163,119.6022,5
1083,23,600,50.6784,2
1091,18,300,62.0088,3
1093,18,450,84.024,2
1094,18,200,52.3524,3
1096,19,1700,130.86,7
1105,20,2500,86.5962,6
1106,24,200,122.8368,5
1107,28,730,83.6676,4
1108,33,800,58.7574,4
1110,18,333,75.3276,4
1111,21,300,74.2986,4
1118,20,650,72.4332,4
1124,18,600,77.5416,4
1125,17,1000,121.2732,6
1127,19,75,57.7854,2
1128,18,100,50.1,1
1132,18,700,64.77,3
1133,18,730,113.8716,5
1137,22,450,69.2034,4
1141,19,50,61.6098,1
1143,20,100,89.091,4
1150,26,1000,77.913,3
1154,20,800,66.8904,3
1156,16,650,76.1514,2
1159,23,100,57.9072,2
1164,19,700,116.7852,6
1167,21,450,132.7152,4
1168,22,250,123.8388,6
1169,20,450,151.6686,4
1172,18,800,133.4148,3
1173,26,50,31.33314,1
1174,16,1400,116.4402,5
1175,23,400,117.417,4
1178,27,200,94.0176,2
1179,21,800,168.3252,6
1182,18,700,79.5828,4
1193,22,250,84.7632,3
1196,16,650,99.9996,5
1207,16,7,111.3582,4
1208,22,500,160.8168,4
1210,27,350,80.334,4
1211,21,700,135.975,6
1212,35,500,54.0468,2
1216,23,1400,203.9028,7
1221,18,300,88.0428,6
1228,26,230,68.1048,1
1230,17,250,50.0004,2
1232,18,500,61.7034,3
1233,17,200,68.1786,2
1235,18,40,72.9252,3
1237,19,1000,61.875,3
1238,33,365,51.1932,3
1240,20,325,137.3052,3
1241,17,60,167.1966,6
1247,18,600,41.037,1
1248,26,200,97.2954,4
1249,17,800,138.2802,6
1253,19,480,120.9294,3
1255,19,2500,119.9976,3
1256,28,700,110.4828,5
1259,23,800,166.4136,6
1262,17,750,167.8746,6
1264,16,300,101.9502,4
1265,26,100,67.2912,3
1273,17,1600,90.0642,5
1274,17,800,149.7966,5
1275,18,90,122.1162,2
1277,21,1000,156.1536,6
1279,26,500,51.363,3
1281,21,700,93.3894,5
1285,20,2000,190.5678,6
1286,19,700,176.64,6
1289,22,600,130.0248,4
1291,16,190,105.4776,4
1292,23,200,92.88,3
1293,22,700,96.2154,6
1298,17,400,82.0902,1
1299,21,30,52.3392,4
1301,32,150,49.3854,2
1302,19,900,96.2466,4
1309,18,700,142.3296,6
1310,21,150,126.1386,4
1312,24,300,71.9574,2
1314,30,500,59.1138,2
1318,21,175,73.0668,4
1319,28,900,52.311,4
1325,27,250,109.821,4
1333,19,800,161.4678,6
1335,23,75,49.9362,2
1336,20,500,139.5132,5
1337,23,200,85.7502,4
1338,22,700,43.3638,1
1339,22,800,91.4178,3
1340,19,88,156.1278,4
1341,16,500,109.5582,5
1344,29,1000,99.1416,5
1346,22,500,114.2598,5
1347,28,40,53.55,1
1348,20,700,102.0174,6
1351,19,200,133.911,4
1352,18,1000,286.5528,6
1356,22,600,143.718,5
1358,17,900,131.8242,6
1361,19,350,168.9216,5
1364,21,60,66.8184,4
1365,19,450,58.6338,2
1366,20,200,96.7374,1
1369,16,200,46.1016,2
1375,16,730,101.6082,3
1379,22,250,124.026,5
1380,21,400,68.6868,2
1382,22,600,71.2914,3
1383,19,800,112.5,6
1389,16,100,39.3804,2
1390,20,900,148.6884,5
1392,40,500,51.8358,2
1397,23,50,97.3866,3
1399,21,750,126.4902,5
1402,21,730,104.3202,5
1403,18,365,143.574,5
1408,19,450,220.0692,3
1411,21,800,199.6008,6
1413,20,100,45.5952,3
1414,18,250,89.5218,5
1416,17,1200,105.9162,4
1417,20,650,102.7356,4
1422,20,700,104.3286,5
1427,23,730,118.1706,5
1430,23,850,115.5006,4
1431,18,400,186.3234,4
1433,18,26,94.5504,2
1436,24,500,102.5556,5
1439,22,1650,113.8248,6
1447,20,200,72.591,1
1454,18,2000,191.3154,4
1455,21,500,154.0044,5
1463,17,1600,202.0026,7
1464,22,1200,74.3238,6
1468,20,500,140.001,5
1469,22,200,55.203,1
1476,23,450,115.5252,6
1477,22,150,69.0534,3
1478,17,500,88.986,2
1479,22,400,167.4162,4
1482,20,700,156.1176,4
1484,22,250,118.9908,5
1486,23,2500,127.695,4
1488,25,400,75.2358,3
1491,22,40,121.6998,3
1493,26,800,129.5334,6
1495,22,350,84.2604,2
1496,24,250,111.4068,5
1498,19,700,106.524,4
1502,18,50,74.8782,4
1506,17,1000,158.7498,5
1514,19,2500,147.96,6
1518,18,465,130.0014,5
1520,17,350,165.4494,5
1521,20,300,123.8316,3
1525,17,1000,106.5678,6
1526,31,300,110.193,5
1530,16,400,92.1222,4
1534,17,180,93.792,4
1535,23,300,139.1526,4
1537,23,600,98.8476,6
1541,21,600,114.384,6
1542,20,500,124.6932,4
1543,20,500,111.9798,4
1545,16,450,187.2972,6
1551,19,400,124.7598,5
1552,17,730,101.8224,4
1553,16,100,139.8594,5
1555,19,365,208.7706,6
1559,18,800,277.3212,6
1562,20,1000,149.13,6
1563,23,600,122.157,5
1564,19,150,130.0584,4
1565,22,500,120.0012,5
1566,20,600,86.2686,4
1568,21,200,143.6058,5
1575,16,650,131.919,3
1576,21,1200,126,5
1578,22,600,190.3122,4
1580,19,300,104.4486,1
1582,24,235,90.0018,2
1583,19,600,142.251,5
1588,17,150,72.1848,3
1589,21,400,94.6278,4
1591,24,700,134.7282,6
1595,24,400,62.2626,3
1599,19,500,97.8444,4
1603,16,100,61.5984,1
1604,25,300,43.4706,1
1605,20,500,182.1372,5
1606,21,600,89.0472,5
1607,23,300,99.9426,3
1609,17,450,141.6522,4
1611,20,75,127.8924,2
1615,16,800,74.8812,4
1616,24,400,138.8046,6
1620,18,200,81.708,3
1621,18,500,116.0994,4
1623,21,730,138.0774,5
1624,28,1260,84.666,3
1626,16,450,109.6626,3
1629,23,730,91.4838,5
1634,18,50,82.6356,1
1640,16,600,107.0124,4
1642,26,500,154.9242,5
1648,21,600,44.1438,1
1649,22,730,86.3388,6
1653,20,700,127.1574,5
1655,20,1500,89.358,6
1661,21,1000,100.4556,4
1663,20,730,130.2762,6
1664,18,800,91.8804,5
1665,17,1000,150.7794,6
1666,22,300,70.4238,4
1673,25,1200,76.3374,4
1676,24,150,60.7368,3
1679,16,30,54.4656,1
1681,21,400,169.98,6
1686,18,350,121.4862,5
1688,25,50,163.2084,3
1692,21,500,68.1282,3
1696,20,800,104.4786,6
1701,17,250,83.49,4
1704,17,900,86.4228,5
1705,24,1260,142.212,5
1709,19,500,98.3154,4
1712,28,400,102.399,5
1713,16,150,77.9862,2
1714,24,500,64.8324,2
1719,34,150,49.1136,1
1731,19,1350,73.8144,4
1733,17,460,171.2124,5
1734,25,200,104.9742,4
1742,18,600,81.147,5
1745,18,650,67.3962,4
1748,22,150,74.4648,4
1751,23,200,111.2958,4
1752,22,500,135.8904,5
1753,26,200,57.9156,3
1754,17,80,118.8174,4
1755,19,200,104.9094,4
1756,18,1000,145.98,6
1757,29,250,155.5602,4
1758,18,1000,169.8456,6
1763,18,350,122.8446,4
1767,17,350,87.5772,3
1768,22,730,150.627,6
1769,20,360,175.5354,5
1770,18,160,54.1056,3
1771,22,650,108.2772,5
1774,18,700,133.2816,2
1775,20,350,110.7558,5
1780,18,800,144.9648,5
1781,27,1500,90.93,6
1782,19,500,122.667,5
1784,21,200,86.139,4
1789,22,1260,88.3788,6
1793,18,730,166.299,4
1796,22,300,90.4908,3
1799,22,1400,92.8662,5
1807,25,500,73.6464,4
1809,28,120,66.9018,2
1810,38,730,97.992,3
1811,23,400,86.7768,4
1814,34,400,35.3136,2
1816,26,400,56.5494,3
1817,23,100,69.303,5
1820,16,120,64.3296,2
1822,16,730,84.624,3
1824,21,800,152.8692,6
1825,16,70,45.2916,1
1826,27,250,37.7802,1
1830,16,200,92.2266,1
1839,24,700,81.03,3
1848,22,700,103.506,3
1850,24,300,90.7506,5
1852,28,120,44.2218,1
1855,24,700,123.576,4
1858,21,500,168.9336,6
1860,27,1000,131.061,4
1861,19,1800,130.1214,6
1862,20,50,94.2618,2
1863,18,730,131.9376,5
1864,18,350,151.8066,6
1865,25,730,125.532,5
1866,35,800,115.0644,5
1875,22,500,104.5386,5
1876,20,220,74.5098,2
1885,22,300,149.7372,4
1886,23,700,53.2722,3
1890,29,200,96.3924,2
1901,19,500,78.8736,5
1902,17,100,73.7232,1
1905,16,200,116.4156,3
1913,21,848,75.5562,2
1914,21,200,127.9884,4
1915,22,500,155.2386,5
1917,18,700,151.977,6
1920,16,1000,130.4004,5
1921,17,300,112.8102,3
1924,20,1000,96.897,5
1925,18,730,67.0164,4
1926,24,256,69.3924,3
1927,18,730,135.7326,5
1930,17,400,94.158,3
1937,21,750,122.232,5
1939,19,325,132.2094,5
1944,19,250,66.9858,4
1947,22,1250,121.7802,6
1949,20,650,101.0706,6
1953,16,600,102.4686,3
1959,16,300,122.2992,3
1966,21,500,46.4196,2
1969,20,500,52.2006,3
1972,22,130,111.9282,4
1974,16,600,138.6918,4
1979,17,500,197.013,6
1982,25,30,57.2274,2
1983,18,350,108.2124,4
1988,18,500,172.3362,7
1991,21,200,121.26,5
1995,24,700,132.4146,5
2000,16,1260,233.3058,6
2001,19,1500,133.8234,5
2012,21,180,64.2906,2
2013,20,900,100.518,1
2014,21,1500,68.2158,5
2020,18,900,108.3132,5
2023,25,300,144.3894,5
2024,17,250,51.6072,4
2029,19,1466,234.7176,7
2034,22,750,99.072,6
2039,17,100,103.503,4
2040,21,1000,123.204,5
2043,23,700,133.4292,5
2044,22,400,125.4498,4
2045,20,200,78.7764,4
2048,19,540,194.3676,4
2050,27,500,175.0146,5
2051,16,670,56.6298,1
2055,18,711,145.8528,5
2058,24,300,128.0394,5
2068,16,100,79.5906,2
2070,21,700,138.2934,6
2071,16,2500,105.456,4
2076,23,2400,136.2432,7
2077,24,400,55.9452,3
2079,28,600,147.8922,4
2082,20,1030,83.0166,4
2089,23,300,173.355,5
2090,29,600,120.2772,4
2091,20,50,66.9522,4
2092,18,300,106.02,6
2095,38,300,71.595,1
2099,19,350,115.3236,3
2101,23,730,133.4454,4
2105,18,300,85.578,3
2109,25,250,135.474,5
2110,21,350,112.6914,5
2123,22,800,89.5602,3
2125,30,800,62.259,3
2128,16,1080,211.9662,5
2129,27,300,106.695,3
2130,28,800,127.2792,6
2138,19,730,64.1664,2
2142,35,400,92.736,4
2143,16,730,389.8314,6
2146,17,400,131.4708,3
2147,19,900,117.2712,5
2153,18,180,74.733,2
2159,23,200,83.748,3
2161,18,800,229.8018,6
2162,20,500,123.9924,4
2166,22,300,90.183,4
2170,19,550,159.2346,4
2175,17,600,144.969,5
2176,21,1000,106.4364,5
2178,16,500,55.8648,1
2182,25,600,109.023,5
2183,21,700,178.8606,6
2184,23,1460,141.6744,5
2186,20,600,109.3722,4
2188,19,500,129.9048,7
2191,24,100,79.9734,2
2195,21,1100,93.4458,5
2198,20,1050,144.381,6
2199,17,800,133.29,5
2209,21,400,161.3964,4
2211,20,350,118.7484,6
2212,17,1000,87.9894,2
2214,16,700,229.2942,6
2220,22,700,84.9726,3
2221,23,600,54.366,2
2224,20,400,113.613,5
2226,21,400,162.0864,4
2228,22,80,51.1098,2
2229,19,600,60.426,2
2231,26,100,48.4494,1
2232,18,800,106.2804,4
2233,17,540,152.7588,3
2237,30,600,72.9954,2
2241,35,800,53.6736,4
2246,22,20000,248.049,5
2247,23,150,133.6044,5
2249,22,600,141.075,3
2250,18,500,127.6164,6
2253,27,50,84.489,2
2257,18,600,136.7316,5
2261,16,300,89.748,5
2263,22,600,141.018,4
2264,16,780,124.6896,6
2271,28,450,45.1164,3
2276,19,400,70.9998,4
2278,22,2000,257.811,6
2279,27,300,165.6168,5
2280,16,730,184.503,5
2284,19,200,56.8998,2
2291,16,582,193.5834,5
2297,24,750,155.0778,5
2299,17,300,93.6078,5
2306,21,400,67.869,5
2307,22,2800,190.7448,5
2308,22,1200,192.6966,6
2309,29,900,99.1128,5
2310,25,600,106.2276,5
2311,22,350,87.9756,5
2314,16,730,92.43,2
2317,20,250,106.068,4
2319,22,500,103.4364,5
2323,20,500,136.6464,4
2327,33,300,57.5424,3
2331,27,500,100.7694,3
2332,18,800,82.8966,3
2333,19,300,103.629,4
2336,22,1000,134.0784,5
2338,17,400,114.2796,4
2341,19,200,75.7914,4
2343,18,500,104.1048,3
2345,23,650,72.618,4
2346,18,220,156.972,6
2348,19,553,131.5122,5
2351,17,670,106.9536,3
2352,24,800,75.6648,5
2353,22,1200,120.1206,6
2358,26,1008,135.3366,4
2367,21,200,65.238,5
2373,21,600,96.3282,3
2374,28,700,80.3766,4
2375,23,140,97.4982,3
2380,23,1000,133.2948,5
2384,21,1500,170.7486,6
2391,23,600,88.8612,4
2392,20,450,155.5416,5
2393,24,2000,165.2772,6
2395,22,200,111.9126,5
2396,25,330,66.7788,3
2397,25,2200,93.9396,4
2398,22,300,113.6742,4
2399,31,730,67.8468,4
2402,22,700,154.1286,6
2404,20,100,78.525,3
2405,25,300,107.7252,5
2406,17,1800,149.19,5
2408,17,1000,122.3022,5
2412,19,500,91.7808,5
2417,22,1200,99.9396,5
2421,19,600,73.3116,4
2423,35,50,32.8884,1
2424,20,1000,175.2834,5
2430,19,1500,184.6338,6
2433,19,600,108.4356,4
2435,19,900,168.96,6
2441,18,650,124.7178,6
2442,18,200,78.2244,2
2444,26,936,102.1854,4
2448,22,730,62.2398,4
2449,20,450,56.5518,2
2454,17,400,133.305,5
2458,28,400,135.4368,5
2461,17,850,215.706,6
2464,17,700,122.451,5
2465,18,500,95.0922,4
2469,26,350,163.2738,5
2472,18,300,99.705,3
2475,17,243,52.3722,2
2476,25,280,95.754,4
2478,18,700,173.2314,6
2482,18,500,82.0194,5
2484,19,1000,99.207,3
2487,20,200,65.9718,3
2489,23,900,124.1148,6
2495,21,450,130.9572,4
2499,20,400,119.1078,3
2505,17,1320,91.5216,5
2509,23,4000,142.7916,6
2512,24,300,61.2018,4
2518,19,730,136.7616,5
2520,24,300,91.221,3
2521,19,2000,186.2586,6
2522,19,730,183.4848,5
2526,19,1000,132.9258,6
2527,22,1460,134.2086,6
2531,20,800,230.0214,6
2532,20,450,99.5286,5
2533,24,300,54.045,1
2538,22,200,76.611,5
2539,21,780,103.1706,5
2540,25,730,112.9272,5
2541,20,400,136.3812,6
2543,17,450,146.9388,3
2545,21,400,173.0568,5
2548,24,450,208.695,6
2549,21,1200,164.5494,6
2554,22,1000,62.943,4
2557,21,250,82.374,2
2563,21,100,59.3184,3
2564,18,1650,184.2078,5
2570,23,1200,100.1874,5
2572,19,425,117.318,5
2575,16,100,30.9402,2
2579,24,700,79.2696,4
2581,34,200,58.9332,3
2584,21,100,66.3678,4
2590,35,150,47.6058,3
2591,27,1300,191.2926,6
2592,20,1500,186.4278,5
2602,21,200,111.5274,5
2606,22,800,250.299,6
2610,23,450,142.5444,4
2612,23,2000,249.3198,5
2613,22,1000,136.4202,5
2614,20,1145,174.627,4
2618,22,700,94.0836,2
2622,20,700,91.773,5
2624,25,350,86.4678,5
2625,17,650,80.6232,2
2626,29,366,72.7032,3
2633,18,500,154.7022,4
2635,24,600,69.9984,4
2639,23,800,63.7386,2
2642,19,600,129.6288,6
2644,24,700,72.459,5
2646,22,400,158.3544,3
2649,23,300,80.2752,4
2652,20,1260,187.6308,6
2653,17,450,72.2124,4
2655,20,400,93.567,4
2656,21,450,147.588,5
2657,22,100,67.8552,2
2658,17,300,156.7506,5
2660,22,800,155.4156,5
2661,16,900,65.6202,2
2662,43,730,86.0586,2
2666,21,800,178.2396,6
2670,20,900,156.5256,6
2673,28,730,111.5724,5
2677,18,80,39.8712,1
2679,18,800,110.7012,5
2682,20,900,193.8072,6
2683,23,900,82.7364,4
2691,22,750,154.4874,6
2693,30,1500,123.3774,6
2694,18,300,111.1386,5
2697,20,500,241.992,6
2698,16,800,116.5392,5
2700,18,700,157.6536,5
2702,19,300,92.7486,4
2706,24,400,147.6786,5
2709,16,650,73.677,3
2712,21,200,72.5712,3
2713,21,2700,96.4116,4
2717,22,500,110.5272,3
2719,21,730,144.4626,5
2721,21,100,88.0062,3
2722,18,180,91.8954,2
2723,18,650,209.8026,4
2726,20,150,61.9542,4
2727,20,400,103.2642,2
2729,24,60,71.7522,2
2733,23,2000,124.098,6
2735,20,750,71.7912,4
2740,17,40,37.3692,2
2745,19,1000,140.874,6
2748,25,500,104.1798,3
2750,27,200,143.4288,5
2754,26,800,64.548,3
2756,27,700,52.869,3
2758,21,730,155.502,6
2759,22,800,85.2612,3
2769,19,200,109.7646,5
2772,20,600,213.3366,6
2773,18,400,72.1902,4
2780,27,500,97.842,4
2783,23,1400,311.0094,6
2787,16,1500,109.5564,6
2788,17,1000,137.685,6
2791,34,600,73.743,2
2792,28,100,63.3156,4
2794,25,830,175.2924,5
2798,18,750,181.881,5
2813,18,200,52.9224,3
2817,29,1000,90.228,5
2819,16,500,158.3616,5
2820,18,600,79.6956,3
2821,17,700,214.8654,6
2824,21,1000,119.499,6
2825,19,120,50.838,4
2826,21,1200,131.4936,5
2829,16,3,69.5748,3
2830,24,550,197.07,6
2831,16,350,129.3876,4
2833,20,1100,206.6238,6
2834,20,700,111.2382,5
2835,17,350,151.65,4
2837,24,2000,131.3226,6
2851,17,360,112.1214,3
2856,26,500,67.332,5
2859,26,450,136.6296,6
2865,17,800,71.4978,2
2867,20,70,98.4912,5
2868,26,800,164.571,5
2878,24,700,72.2544,4
2881,32,200,52.3182,3
2885,17,125,87.4092,3
2886,24,2300,165.303,6
2888,19,800,158.0754,5
2889,16,1000,118.3608,4
2895,26,1000,72.9042,3
2899,19,1000,130.7874,5
2900,21,1500,178.3326,6
2904,22,800,77.5146,3
2905,25,400,88.4334,5
2906,21,1300,103.8936,6
2912,28,600,63.6066,4
2913,29,1000,38.7666,3
2915,22,1250,143.7066,7
2916,22,750,114.8028,4
2920,20,730,134.61,6
2923,27,600,107.7972,5
2924,27,1000,152.9214,5
2925,17,750,161.6112,6
2926,19,550,162.6486,6
2928,20,200,80.8956,4
2930,17,500,191.5086,6
2931,22,1000,169.4076,6
2932,22,300,146.9736,5
2936,21,800,109.8738,5
2938,24,800,126.9336,4
2939,22,700,132.6198,6
2940,22,300,121.2762,4
2943,17,750,117.6066,5
2944,24,336,83.2626,4
2947,18,400,73.7772,4
2949,16,800,151.8942,5
2952,17,300,61.1094,5
2953,17,600,69.7362,3
2954,22,800,106.2234,4
2955,19,90,109.4916,3
2958,16,200,91.3188,3
2960,25,1000,155.262,5
2962,19,800,149.9052,5
2963,25,700,105.0456,5
2970,26,650,88.5954,2
2973,18,500,113.2068,4
2974,16,900,82.5966,2
2977,25,250,91.7862,4
2978,19,24,70.1142,2
2982,24,1000,121.848,5
2984,22,150,94.0596,2
2985,16,365,86.1174,6
2988,18,900,46.5588,1
2989,16,100,53.5938,2
2995,22,12,39.2142,2
2997,16,72,70.41,1
3007,23,150,133.5432,4
3012,18,690,94.2102,2
3014,24,300,101.7954,5
3015,18,120,58.101,5
3020,24,700,87.3768,6
3023,18,300,105.609,4
3024,21,500,96.3294,4
3025,28,320,56.9916,3
3027,16,144,74.52,2
3031,21,500,47.9412,1
3033,25,400,48.4512,3
3037,37,125,49.896,2
3044,20,20,48.1542,1
3046,20,730,109.7706,5
3049,19,750,100.1742,3
3050,17,400,106.4778,5
3052,19,500,244.8762,6
3053,22,500,75.114,4
3054,16,650,88.6158,6
3058,30,800,58.0584,4
3059,21,500,62.9298,3
3061,18,150,84.5352,1
3062,21,150,93.0348,3
3066,22,800,125.6172,5
3070,18,400,85.224,4
3072,18,450,169.0749,4
3074,21,1155,149.2314,6
3079,23,400,103.0074,3
3081,20,1700,254.5392,5
3082,16,500,74.0214,3
3090,24,360,189.465,3
3091,25,900,178.8342,7
3092,31,450,47.6664,2
3095,24,1000,132.9432,4
3097,22,500,73.8462,4
3099,24,300,75.783,3
3101,21,650,130.2642,6
3103,26,300,120.1956,6
3104,16,20,103.0962,1
3105,21,600,61.4232,3
3110,29,520,52.7208,4
3114,19,200,46.8024,2
3116,29,500,90.7992,5
3117,16,300,109.1106,4
3118,20,800,106.2648,4
3120,23,1260,100.0632,4
3122,25,200,81.8118,3
3123,25,110,66.3702,4
3125,21,400,157.6344,7
3127,21,235,111.5712,3
3131,20,600,93.4368,4
3132,17,800,82.1292,5
3135,25,350,48.5838,1
3137,18,1300,203.2734,5
3139,25,850,42.8712,2
3141,17,250,62.5908,3
3144,21,600,129.0774,5
3146,25,60,53.0832,1
3147,16,300,74.5758,2
3151,16,500,106.7148,5
3152,19,50,87.0408,1
3153,19,1000,264.3282,6
3155,18,500,151.278,4
3157,34,300,165.5874,3
3161,35,800,107.0412,4
3164,27,1200,77.034,5
3166,16,700,90.4704,5
3169,23,1000,152.8266,6
3173,30,80,40.5048,2
3179,18,1000,149.7672,5
3180,26,100,70.9566,2
3181,20,50,142.1322,3
3182,20,900,163.0764,5
3183,24,670,99.3462,6
3186,17,100,139.8048,4
3192,19,865,101.658,4
3196,26,200,114.522,4
3210,32,750,94.2588,1
3218,16,2000,164.7522,5
3220,22,800,112.2768,5
3222,26,500,86.6322,2
3227,21,100,116.3022,4
3231,21,180,130.4664,4
3233,21,1000,115.8912,6
3234,21,450,103.6962,4
3235,18,200,105.7266,4
3236,25,100,105.6042,4
3237,25,60,69.8094,1
3243,32,110,58.8558,2
3244,18,400,173.874,5
3248,20,400,73.0272,2
3252,22,1200,116.0592,6
3256,17,500,150.9036,5
3257,17,200,83.7276,4
3258,22,500,77.8542,3
3261,17,400,105.0756,5
3263,21,750,86.523,4
3265,27,50,58.4136,1
3267,24,150,67.4424,2
3275,16,50,87.1218,4
3277,23,500,107.4156,4
3278,24,330,126.6186,5
3279,23,730,152.7624,5
3281,20,400,140.3412,4
3283,29,300,92.841,2
3285,18,600,38.028,4
3287,21,100,94.9017,1
3289,16,500,102.8232,4
3295,23,730,104.004,4
3300,24,600,103.8072,4
3302,23,60,51.5208,1
3305,16,120,111.6846,4
3306,22,1000,191.538,5
3307,16,275,76.2102,5
3309,19,800,119.1048,4
3310,19,900,59.6868,3
3311,24,400,64.104,3
3313,22,700,106.3542,6
3317,22,800,150.12,6
3321,20,200,65.6376,3
3323,21,250,62.085,4
3328,16,400,166.2996,6
3332,25,1200,108.7014,4
3333,18,750,116.6394,5
3339,23,200,44.8266,1
3341,27,200,78.831,2
3344,20,300,60.0696,1
3345,20,500,62.0796,3
3348,18,360,89.6916,4
3350,21,800,101.9682,4
3352,30,500,69.9852,2
3355,22,700,55.029,3
3356,20,50,139.575,3
3360,41,250,54.2406,2
3364,22,548,104.1408,4
3367,20,1000,60.6252,5
3368,20,700,187.1844,6
3369,21,800,173.5944,6
3370,16,1000,128.6142,3
3372,16,730,133.7118,5
3384,23,500,101.3286,3
3385,20,170,82.8816,4
3389,17,100,56.5278,1
3393,22,300,57.6762,4
3394,24,100,77.7006,3
3395,16,200,61.3074,4
3401,21,1000,139.9986,6
3405,24,350,65.2284,5
3408,18,250,71.3928,2
3415,25,900,153.9948,5
3419,26,600,93.1122,4
3423,23,100,78.1968,1
3426,35,350,66.5358,1
3428,20,50,38.3322,1
3435,22,898,173.5266,4
3436,26,600,161.2872,5
3439,16,150,63.261,2
3444,19,800,107.1588,5
3448,16,200,57.9306,3
3449,29,500,43.6686,1
3452,24,750,50.9088,2
3454,18,1500,131.3826,4
3457,22,400,113.2158,4
3458,28,500,71.5008,4
3461,18,500,131.898,5
3467,24,730,130.6962,5
3468,17,1170,115.0944,4
3473,19,600,95.0328,6
3478,23,600,125.3988,4
3487,18,1000,175.446,5
3488,21,200,79.827,4
3494,33,750,31.5294,1
3496,17,800,90.2346,3
3497,22,300,99.1626,5
3500,28,750,71.3442,4
3506,24,400,114.2724,6
3514,19,1500,196.3764,6
3520,22,300,111.3066,4
3524,27,400,58.7016,4
3527,17,70,47.4726,2
3530,26,1200,121.2348,5
3535,17,450,176.793,5
3538,17,730,115.1928,6
3539,20,60,76.308,1
3540,20,1000,121.9068,4
3551,18,500,76.083,3
3554,20,150,71.274,4
3558,24,500,76.944,3
3559,18,1260,161.4576,6
3564,16,730,70.0308,3
3565,20,220,58.4388,3
3572,16,500,49.4712,2
3578,21,600,103.863,5
3580,18,600,83.01,1
3584,17,300,151.2702,6
3587,16,500,61.971,1
3589,22,90,43.3578,3
3590,19,200,134.0598,4
3598,29,800,141.6246,6
3599,20,800,175.8858,4
3600,23,550,121.3596,3
3604,20,100,115.0548,6
3610,18,30,95.6886,3
3612,19,150,38.8008,2
3614,35,250,116.2284,4
3619,29,180,97.179,4
3621,32,650,33.8424,1
3628,24,700,108.8166,4
3633,24,800,110.7204,4
3635,19,600,107.3178,3
3636,16,730,94.1658,3
3639,22,500,73.2666,4
3641,26,800,186.1506,6
3643,21,200,105.3642,4
3651,21,800,65.373,6
3655,24,1148,80.0532,2
3659,41,800,77.6472,3
3661,23,700,109.6242,4
3667,23,200,167.2536,6
3671,22,500,127.4898,3
3678,19,600,98.4516,2
3679,28,105,60.4554,3
3680,19,700,122.034,6
3683,16,120,88.0692,2
3684,18,320,102.1146,3
3685,24,750,107.8302,4
3689,16,120,144.9648,5
3695,19,500,93.426,4
3705,24,240,67.2102,5
3710,16,420,40.1292,1
3717,22,100,73.5396,2
3720,18,230,64.9608,2
3721,17,75,72.2862,2
3722,16,500,144.5394,5
3723,21,730,66.3108,2
3726,23,320,121.5924,3
3727,22,750,59.454,3
3730,24,300,68.0904,4
3733,24,1500,139.7598,6
3734,25,100,30.1632,1
3735,16,500,163.9902,5
3738,19,40,58.515,2
3740,26,40,64.0362,2
3741,17,600,124.8372,5
3743,25,800,110.4102,4
3747,17,50,80.1372,3
3749,21,500,167.6562,5
3750,23,1000,208.9488,6
3751,23,800,123.489,3
3752,20,700,66.102,1
3755,21,1100,147.7992,5
3757,18,1000,178.2318,6
3759,19,230,56.637,2
3761,21,300,69.5874,4
3762,16,100,51.4728,3
3764,20,450,78.2736,1
3767,36,400,73.698,4
3768,22,1000,89.6652,5
3769,18,400,99.591,4
3772,17,1100,161.1174,6
3773,20,500,49.7838,1
3777,17,730,147.1488,5
3782,18,100,37.9656,1
3783,19,250,99.2052,3
3787,18,30,42.3318,1
3789,25,1000,87.1674,3
3790,20,400,100.659,3
3795,20,750,150.7788,5
3797,26,400,101.4906,5
3801,22,100,24.9042,1
3802,21,2000,197.1924,6
3804,23,500,116.1588,4
3806,17,450,168.324,5
3807,16,900,161.7018,6
3808,16,480,99.8832,3
3809,20,700,75.9204,4
3810,22,575,137.307,4
3816,19,450,121.9602,4
3821,22,1000,140.9568,5
3823,17,1100,77.6838,3
3824,22,200,71.0808,4
3826,24,600,60.9768,2
3831,27,300,92.3364,4
3834,21,420,121.3626,3
3835,25,60,128.3382,4
3836,22,350,78.36,3
3837,16,300,102.5652,3
3840,23,800,62.4576,2
3841,23,60,64.179,4
3842,19,500,183.2898,6
3843,20,75,65.7948,1
3844,19,700,173.0142,5
3846,23,1000,163.875,4
3849,17,900,108.0642,4
3850,28,150,83.802,4
3856,24,750,76.1328,4
3857,24,200,31.7124,1
3860,22,600,166.065,5
3861,17,800,256.8528,5
3862,23,1850,99.747,3
3863,17,650,166.8384,6
3864,24,700,226.3494,5
3866,21,200,79.1232,4
3867,16,700,106.4712,4
3868,26,800,151.362,3
3869,16,350,104.1312,4
3874,23,200,88.0788,4
3875,19,200,91.7244,3
3880,20,25,85.2954,1
3883,21,140,87.8604,4
3884,21,5000,141.6486,6
3887,18,100,60.6852,3
3891,24,700,162.792,6
3894,21,500,192.474,6
3896,19,1000,142.6518,4
3897,19,250,48.7956,2
3899,16,80,37.31454,1
3900,19,600,145.7352,5
3901,20,238,78.0456,3
3902,23,350,107.3514,5
3903,16,730,185.22,6
3905,18,1200,181.971,6
3912,20,350,55.4574,3
3915,16,900,148.503,5
3918,28,100,47.337,3
3920,22,800,110.9436,5
3923,24,1000,292.5408,5
3927,18,80,41.8968,1
3935,20,1100,113.6976,4
3938,23,500,57.8586,3
3939,17,100,97.578,3
3942,20,700,107.769,4
3945,21,500,98.1318,5
3948,22,250,139.4802,4
3950,17,1000,99.6852,3
3961,22,400,49.7358,5
3966,17,1000,205.4028,6
3968,19,100,74.8164,4
3971,22,400,92.0916,5
3983,34,270,37.4478,2
3984,24,1000,158.0856,6
3986,20,800,146.7144,6
3988,21,400,63.465,2
3991,29,2000,82.8558,5
3999,24,600,115.0008,4
4006,16,820,90.5964,3
4007,23,500,86.0532,3
4008,18,750,98.2458,5
4012,18,310,79.4268,2
4017,21,60,131.6646,5
4019,21,600,102.5922,5
4022,27,300,93.2628,4
4028,26,730,175.7856,6
4029,20,150,91.5666,2
4035,19,350,138.4548,5
4039,21,700,58.4118,4
4050,18,2000,99.1104,5
4054,23,600,153.1494,5
4060,16,400,118.2726,5
4064,25,700,95.5704,5
4065,25,500,79.2852,5
4067,31,40,82.5078,2
4068,21,450,87.5178,6
4071,20,250,45.3858,3
4072,28,250,86.9136,3
4073,16,500,127.0854,6
4074,22,312,51.9126,4
4075,25,700,95.5704,5
4076,17,500,116.7252,4
4080,17,300,75.1008,2
4081,18,150,129.174,3
4091,23,200,70.8852,3
4094,23,1260,191.1366,6
4095,19,200,128.0418,4
4097,18,550,153.924,4
4098,27,10,122.805,2
4100,17,600,125.9472,6
4104,19,650,168.4764,6
4107,22,300,63.0816,3
4110,23,100,45.8268,2
4111,16,900,206.0646,5
4113,19,400,108.5118,5
4114,18,180,92.2416,6
4116,26,200,114.6144,2
4121,23,75,59.9622,2
4122,18,1800,70.5708,6
4123,17,700,204.024,6
4127,22,300,45.9942,2
4128,16,300,77.3376,3
4129,19,300,80.3436,3
4130,16,85,89.1858,2
4133,18,600,85.1082,3
4135,25,250,198.27,6
4136,18,75,61.7286,3
4140,19,1000,90.9798,3
4143,22,1000,110.808,5
4144,17,1400,100.0374,5
4150,19,100,94.032,2
4151,20,80,71.025,2
4154,22,300,106.9818,5
4157,25,20,71.2314,1
4160,20,550,162.3726,5
4161,20,140,56.025,3
4162,18,400,80.0022,3
4167,19,50,104.874,3
4170,26,800,84.2052,5
4172,22,500,70.281,3
4173,16,400,107.3424,2
4174,16,2942,159.585,5
4175,18,1500,180.4308,6
4176,16,350,83.5818,3
4177,16,150,51.4452,1
4181,20,250,74.2608,4
4182,23,500,134.388,5
4183,18,80,46.5432,2
4185,17,600,109.8078,4
4187,26,1300,215.742,6
4188,20,94,117.7086,4
4190,16,50,93.8622,4
4191,25,600,60.507,1
4193,29,800,78.8352,4
4198,21,100,61.6782,2
4200,21,500,102.5838,4
4205,23,730,74.4258,3
4217,17,700,100.3008,5
4226,16,800,104.8044,3
4227,18,400,119.2446,2
4229,20,1500,89.106,3
4232,23,300,78.2034,3
4238,17,730,102.8352,5
4239,29,900,81.5496,6
4240,26,300,104.8056,4
4244,19,700,180.1086,6
4254,23,750,137.3856,3
4256,20,800,109.8012,6
4258,20,80,77.5758,2
4259,19,100,79.641,2
4260,29,350,78.147,4
4262,24,400,47.2302,2
4263,23,20,53.4696,1
4267,20,300,74.2356,3
4269,26,30,35.0388,1
4271,25,400,61.4556,3
4273,16,200,36.24774,2
4275,17,300,145.9938,5
4276,29,900,58.2984,1
4279,19,800,215.9556,6
4281,22,500,87.2328,4
4283,21,600,47.1678,1
4285,21,2000,113.8398,4
4289,24,800,112.806,6
4290,22,1500,124.9362,2
4291,21,650,70.6056,3
4293,23,100,102.0696,5
4295,19,100,41.6328,2
4301,24,600,130.6506,4
4302,19,450,83.4444,6
4312,20,400,86.0328,3
4314,19,50,61.0182,3
4319,20,750,164.9736,6
4320,16,10,44.97,2
4323,25,600,111.4686,5
4324,17,1000,159.2796,6
4325,34,650,43.8894,3
4326,22,250,75.9498,4
4334,22,400,108.363,4
4335,24,1000,111.0042,4
4338,20,2100,143.4318,6
4339,20,700,123.9672,5
4341,20,800,69.5274,4
4343,25,500,96.6258,4
4344,17,400,131.031,6
4349,26,150,59.1624,4
4350,20,500,79.8138,4
4353,19,1100,107.1708,6
4356,24,600,48.8856,3
4357,22,500,176.673,6
4361,22,800,151.0074,6
4363,29,250,151.647,2
4367,19,600,209.0562,6
4370,18,224,71.6574,3
4374,18,100,105.096,4
4378,19,850,155.0352,5
4383,21,300,114.288,3
4386,29,100,68.2098,2
4391,20,350,90.081,2
4393,25,1000,85.7976,5
4396,21,60,51.0048,2
4397,27,80,76.35,4
4399,36,400,53.8938,3
4402,19,400,67.128,3
4408,22,450,127.6704,4
4410,21,550,124.6182,4
4415,23,30,91.8564,4
4418,18,100,121.3452,4
4421,21,220,70.3086,2
4422,19,165,98.5434,4
4424,29,577,143.7672,5
4427,25,200,56.4816,2
4433,22,300,35.0298,3
4435,23,50,24.6648,2
4448,16,200,34.7382,2
4449,18,500,70.2402,3
4459,16,500,79.4688,4
4465,21,350,190.5816,6
4468,20,2000,136.167,6
4469,23,800,129.9774,4
4472,20,200,143.5698,4
4480,16,100,58.08,2
4488,19,1000,88.7544,4
4489,19,500,132.33,4
4497,18,500,115.1304,4
4499,25,120,69.8448,2
4500,21,1600,54.8208,4
4504,20,100,57.9918,2
4506,22,200,226.6554,3
4509,27,900,116.0304,6
4510,25,50,43.2744,1
4511,19,450,50.9904,2
4512,20,800,111.6,4
4514,20,500,99.8886,4
4516,18,800,152.031,5
4517,31,200,41.586,1
4520,18,400,75.5628,3
4522,19,600,138.123,5
4532,19,170,165.8508,5
4534,21,350,128.784,6
4535,27,850,107.1156,4
4543,22,250,123.7164,4
4544,19,1440,158.241,6
4546,16,150,67.5534,2
4551,27,500,76.8132,3
4553,20,700,64.2222,4
4555,19,500,201.2946,7
4565,19,75,75.6618,1
4569,32,500,73.7952,3
4570,18,270,57.201,2
4572,32,100,37.2786,2
4580,20,300,156.7194,4
4581,17,50,89.6142,4
4582,28,200,131.556,4
4583,20,600,106.7598,6
4586,30,730,63.744,5
4587,25,300,69.9618,2
4589,19,700,136.9578,4
4592,19,2000,191.1366,6
4594,20,200,60.2832,4
4595,19,150,182.9292,4
4596,23,300,112.2684,4
4597,35,700,62.9658,4
4598,24,1000,165.198,5
4599,20,500,116.5722,3
4600,24,150,99.8502,5
4603,27,650,32.4942,3
4606,19,1000,172.3968,5
4607,18,2000,210.2112,7
4609,20,1800,198.0822,6
4610,17,700,116.5002,3
4615,19,700,137.1354,6
4616,24,750,154.6464,6
4617,17,200,204.876,5
4619,21,1200,132.243,6
4621,21,800,72.144,3
4626,21,2000,89.2776,6
4629,21,731,237.219,6
4634,29,1000,80.8512,6
4636,32,750,107.0676,4
4638,21,1200,208.9446,6
4641,19,1080,80.1648,4
4646,33,1000,56.41026,5
4648,21,600,99.0798,5
4652,25,300,68.5464,4
4662,23,700,147.2856,4
4665,21,350,75.8286,3
4667,18,150,97.8126,2
4668,16,1000,214.6182,6
4670,20,1000,141.7512,4
4678,20,350,85.7778,4
4679,22,400,75.3714,4
4682,22,1000,89.0364,5
4684,16,140,85.08,1
4686,20,600,93.306,4
4687,25,180,88.8012,3
4694,21,600,103.5588,4
4698,27,300,127.2174,6
4699,23,750,166.5456,7
4700,21,550,152.8224,4
4701,23,500,62.988,2
4704,25,100,94.1214,4
4706,30,600,151.698,5
4713,21,1000,91.8636,4
4715,18,750,120.072,4
4716,22,250,106.1196,5
4718,21,1000,157.6254,5
4719,18,400,103.3308,5
4721,17,500,126.4032,6
4723,22,700,144.0126,6
4725,22,1260,49.1904,2
4727,21,600,76.7946,4
4728,17,100,63.9612,3
4734,23,1260,131.0556,5
4735,18,700,177.2844,6
4737,18,100,56.286,4
4739,17,727,97.5852,3
4740,20,300,135.4632,4
4741,34,2400,96.9942,5
4742,21,100,94.0512,3
4743,28,200,115.7082,4
4744,27,600,129.7074,5
4746,17,80,86.5278,4
4747,23,200,129.639,4
4752,34,1000,76.0746,4
4754,18,700,236.0316,7
4756,20,400,156.7806,5
4762,16,700,94.4676,3
4763,16,400,74.1366,4
4764,18,750,118.581,6
4766,16,1200,155.2206,6
4767,19,150,103.5516,4
4769,25,1500,118.9902,6
4770,20,250,95.5632,4
4776,21,800,138.0186,5
4777,24,20,43.1352,1
4778,20,600,92.4972,3
4779,26,138,100.9926,3
4783,20,700,157.3128,6
4785,24,20,45.4902,2
4787,27,45,100.8924,3
4789,18,350,54.8214,2
4791,20,500,149.6046,6
4794,19,650,124.3494,5
4801,24,400,100.0614,5
4805,24,225,61.974,3
4808,21,400,130.2246,6
4809,29,1000,188.1348,3
4817,21,1800,197.7774,6
4818,18,500,154.8198,5
4819,26,150,134.1606,2
4820,27,125,75.5628,4
4827,18,600,158.205,5
4828,18,300,184.11,5
4834,22,500,60.1158,5
4836,21,1000,142.1496,5
4839,24,1000,283.2756,6
4840,25,900,135.39,5
4841,19,500,110.001,3
4842,26,50,99.8118,4
4846,23,450,95.4078,4
4855,31,400,85.959,3
4858,25,600,147.3372,6
4860,20,200,114.318,6
4862,22,100,88.701,4
4864,25,120,47.9364,2
4867,21,300,122.2782,4
4868,44,500,89.5266,4
4874,24,500,91.8138,4
4884,18,240,74.9742,3
4889,30,60,100.0932,1
4895,23,1000,91.0542,3
4898,27,400,73.2168,3
4900,19,100,127.0134,3
4901,19,500,83.487,2
4906,23,500,102.2502,5
4910,16,200,76.125,3
4911,27,95,90.5532,2
4914,20,500,75.207,4
4920,21,250,149.5446,6
4923,19,630,109.8264,5
4924,18,500,78.0618,4
4929,21,1000,71.1462,5
4931,24,1274,66.5388,6
4934,19,700,137.6646,6
4936,19,1782,128.3844,4
4943,21,200,69.7926,1
4945,24,730,125.5896,4
4947,29,800,61.0368,2
4948,21,600,144.072,5
4950,19,416,113.8716,4
4951,24,400,43.9338,3
4953,19,1200,155.9346,6
4954,24,730,60.279,2
4960,22,600,61.92,1
4961,27,500,106.5534,5
4964,27,850,145.1778,6
4967,23,1200,85.4886,3
4971,25,40,47.358,3
4976,23,500,57.5244,4
4978,39,500,86.7246,4
4982,29,500,106.0896,5
4983,29,800,115.4484,4
4984,27,610,76.8552,2
4985,20,450,132.7158,2
4987,26,525,130.7844,6
4994,22,800,88.3806,4
4995,20,2000,145.1844,6
4998,22,300,66.0912,2
5000,28,1250,99.8388,3
5004,24,150,35.04,1
5009,31,800,133.962,4
5013,25,800,140.673,4
5016,25,1000,104.4366,4
5019,19,400,105.6948,4
5020,24,400,63.8106,1
5030,17,80,76.1652,3
5031,25,2671,128.8782,5
5040,26,400,84.8472,5
5046,28,1000,116.6256,5
5049,30,730,117.054,5
5057,26,12,30.6366,1
5058,20,800,96.3216,4
5059,19,730,73.6314,2
5060,20,100,139.6362,1
5065,16,730,109.296,5
5066,17,900,102.7674,5
5070,26,300,80.6976,2
5071,20,500,118.4664,5
5072,24,500,102.7416,5
5077,16,75,229.9122,4
5079,16,200,272.8404,5
5084,17,25,118.2024,2
5086,19,2016,155.9874,6
5088,30,500,79.4016,3
5090,29,90,80.3448,1
5091,18,1200,106.8528,5
5093,17,600,108.0102,2
5094,20,780,65.1576,3
5096,25,500,70.9686,4
5097,16,550,80.4378,4
5098,18,123,81.8724,3
5099,27,100,30.9174,1
5100,17,700,122.9646,4
5101,18,900,101.6064,4
5106,27,1100,100.587,5
5107,27,900,74.3418,4
5108,28,550,104.8356,4
5110,24,450,73.0608,4
5111,19,600,151.3002,6
5112,17,300,104.2818,4
5114,23,730,124.6482,4
5115,21,50,67.8018,4
5118,25,900,102.8304,6
5119,19,450,193.5474,6
5121,20,500,143.337,5
5122,23,700,139.14,4
5124,16,3000,146.256,5
5129,23,2500,213.6318,7
5131,21,200,101.547,5
5133,21,400,102.6612,5
5135,20,300,106.8774,4
5136,18,1440,180.0756,5
5138,16,1095,244.9746,6
5141,19,2920,152.1792,6
5143,23,500,91.9722,5
5147,22,640,149.6574,4
5151,17,1600,236.6826,6
5152,24,1344,184.281,5
5153,21,600,83.4846,2
5154,23,250,91.1574,4
5155,16,2100,185.2836,6
5157,19,600,92.364,5
5159,18,500,161.3598,5
5160,16,700,135.918,6
5162,22,1000,190.641,6
5163,21,900,116.1258,3
5165,22,70,65.7534,3
5166,29,1000,99.9768,6
5168,18,350,139.0494,5
5170,21,730,323.2506,6
5173,18,500,108.6774,4
5174,16,300,86.0814,4
5175,19,1000,91.713,3
5180,19,400,101.613,3
5188,27,300,53.7174,2
5189,17,300,48.8346,3
5192,22,1500,189.48,5
5194,20,1500,202.0128,6
5197,16,720,151.5426,5
5199,18,300,75.2184,3
5200,19,130,145.332,3
5202,24,500,61.0716,4
5206,17,650,111.8142,4
5207,20,400,186.8004,4
5209,27,800,170.1816,5
5213,16,1000,114.6312,4
5215,23,900,65.8242,4
5220,24,200,106.839,5
5224,18,700,184.6602,5
5227,20,50,138.3864,6
5229,35,500,89.742,4
5230,17,500,92.532,5
5233,18,630,122.523,4
5235,21,400,121.992,5
5241,23,400,121.818,4
5243,25,150,106.1208,4
5244,17,400,71.8272,3
5245,26,50,57.3438,3
5246,19,2200,92.5428,6
5247,23,1000,101.2134,6
5255,18,,122.247,5
5256,21,200,114.8046,4
5262,20,1350,97.2672,5
5263,27,700,196.0464,5
5264,23,500,216.3588,5
5268,21,1000,215.1456,6
5271,19,300,103.4796,5
5272,20,1940,166.4838,5
5275,30,730,52.1334,5
5283,17,640,116.6142,3
5284,26,500,42.408,3
5285,19,250,182.625,5
5289,16,2500,185.3424,7
5295,22,600,108.5394,6
5296,24,100,60.7014,3
5300,23,900,155.0538,5
5302,20,850,118.551,3
5303,18,2200,181.6236,6
5304,21,200,62.004,1
5309,20,150,123.2898,4
5312,22,700,81.3036,2
5315,21,2000,133.932,6
5323,18,200,49.7424,1
5325,18,550,112.9572,5
5326,20,16,73.2594,1
5331,17,400,108.5178,5
5333,19,2300,134.586,6
5335,16,500,81.5658,3
5336,20,730,62.7834,4
5339,27,600,95.0778,4
5342,21,320,174.654,5
5343,16,420,140.0142,4
5345,16,450,196.2258,6
5351,26,200,147.4176,5
5354,21,410,96.6828,3
5357,24,800,118.4856,5
5359,24,400,153.0948,5
5360,23,500,170.799,5
5365,21,600,127.584,6
5366,31,400,92.7906,3
5367,20,960,104.139,6
5372,24,450,113.7816,4
5374,22,80,52.6218,4
5382,16,224,91.2678,5
5384,20,500,206.838,4
5386,21,200,190.2912,5
5387,26,800,145.665,6
5388,27,110,59.3004,4
5390,21,150,95.5446,3
5393,18,600,114.0096,4
5395,18,500,168.201,6
5398,18,900,78.2226,4
5400,17,650,138.5094,5
5402,18,1800,203.1504,6
5403,21,700,156.4614,6
5405,17,800,170.9808,5
5406,24,500,117.615,6
5407,21,1400,142.4454,6
5412,18,730,85.1244,3
5413,18,800,135.6042,4
5421,19,500,113.9034,5
5422,26,150,57.4362,4
5424,23,300,61.4772,2
5431,17,900,158.1228,4
5433,30,400,66.7578,3
5434,22,740,49.7832,2
5435,19,150,56.1102,2
5438,25,730,109.7556,5
5439,21,960,215.6448,5
5442,19,250,80.5524,2
5446,22,400,150.9456,6
5451,19,600,127.1154,3
5453,18,1100,160.32,6
5456,16,950,109.9092,6
5460,17,450,59.0778,4
5461,20,551,69.6228,3
5462,24,450,102.8244,5
5464,20,150,156.8004,4
5469,17,400,127.854,5
5472,17,450,85.1622,6
5473,19,450,104.0328,4
5475,17,1000,165.6588,6
5476,23,400,75.6648,6
5483,23,216,54.405,1
5487,22,1000,179.5776,6
5488,27,700,114.906,5
5489,19,600,141.8994,6
5490,35,250,49.4076,1
5491,20,200,108.8298,5
5493,22,800,110.7324,3
5495,19,150,107.481,6
5497,20,300,129.2286,5
5498,22,800,194.523,6
5503,23,600,102.0012,4
5504,21,600,113.85,5
5508,19,225,67.6524,3
5510,22,600,96.9738,5
5515,17,1344,183.2838,6
5517,20,100,157.8264,5
5519,19,300,184.35,6
5520,22,2000,179.8236,6
5521,16,500,99.4266,4
5522,20,400,94.986,5
5525,23,130,84.0648,4
5527,22,250,99.5784,2
5532,16,1500,246.2046,6
5533,22,800,85.3884,4
5535,21,700,118.1028,3
5536,28,500,110.0514,4
5538,25,120,160.9968,5
5541,21,900,67.4568,3
5543,16,1200,207.492,6
5545,19,500,176.0322,4
5547,17,350,146.7372,5
5548,27,450,120.432,4
5551,21,500,113.7714,5
5557,20,750,82.7184,4
5558,23,300,77.241,1
5561,18,600,146.2686,6
5563,25,400,119.6682,6
5564,16,1000,149.6658,4
5566,21,450,171.9984,4
5567,22,500,102.8136,4
5568,24,400,125.5464,6
5570,17,500,108.8802,4
5571,21,250,112.1898,5
5572,27,90,95.4924,3
5576,21,650,101.5134,4
5580,22,840,121.7388,6
5582,22,200,146.9604,5
5586,27,850,112.0422,4
5596,17,650,105.8082,3
5597,16,300,75.3048,3
5599,23,750,92.0592,5
5600,17,130,84.5232,5
5604,16,500,201.435,7
5605,19,700,216.0318,6
5610,22,18000,152.2374,4
5612,16,400,118.8012,3
5614,16,240,113.6718,2
5616,26,235,80.8398,4
5617,22,730,77.316,6
5618,22,900,126.7926,3
5620,29,1200,58.5948,5
5622,18,30,85.9248,2
5623,20,750,137.1996,4
5625,29,150,85.6284,2
5627,34,500,63.9402,4
5629,18,1000,86.0208,5
5634,20,1100,131.0622,5
5637,16,300,142.7892,3
5640,26,1000,219.669,7
5643,22,250,109.5276,4
5644,21,600,192.6942,6
5649,21,110,126.0846,5
5653,27,750,165.1536,6
5654,21,700,86.6694,2
5655,32,400,75.0612,3
5657,26,600,60.1284,4
5658,21,400,134.421,6
5663,19,350,34.278,1
5666,18,250,43.1106,3
5668,23,100,54.915,2
5669,23,500,56.6634,3
5670,26,400,38.943,4
5671,16,745,137.0124,4
5673,21,600,216.4152,4
5674,20,200,132.3936,2
5675,22,600,129.4044,5
5678,26,750,108.9084,5
5681,17,900,184.5996,5
5684,23,200,156.3168,5
5685,24,400,96.6942,4
5688,29,500,85.2774,3
5691,16,50,42.3318,1
5692,21,300,169.6308,6
5693,28,100,63.8712,2
5697,30,650,193.6908,5
5698,20,100,99.6072,4
5702,24,300,195.8406,5
5704,18,200,144.675,5
5707,28,160,73.9896,2
5708,23,600,143.4306,5
5710,24,120,78.1602,2
5711,30,730,168.7188,4
5713,21,840,195.7626,5
5717,22,500,89.919,4
5718,24,400,75.9876,3
5720,28,160,46.7214,4
5729,18,300,83.4336,5
5732,22,300,112.4274,5
5735,23,450,183.7728,5
5737,21,100,81.9276,3
5738,16,450,52.644,1
5747,18,400,62.1354,2
5748,18,530,88.323,5
5750,16,450,177.8478,4
5751,21,500,124.1958,4
5753,22,1000,197.8584,6
5758,24,800,128.7654,5
5760,26,730,144.1116,5
5762,24,550,250.7928,6
5764,20,1460,126.27,5
5765,21,30,71.6754,2
5766,17,477,85.2102,4
5768,20,450,240.5196,6
5769,28,1000,75.6768,3
5771,17,1270,151.7454,5
5777,20,100,73.7214,1
5781,21,2200,86.1066,3
5784,19,60,68.4336,1
5787,27,500,115.5444,4
5788,18,500,183.1272,6
5796,20,850,99.4914,6
5798,20,600,62.2026,5
5799,20,1000,283.3254,6
5800,22,900,212.442,5
5802,27,600,83.145,5
5804,19,500,67.6968,3
5805,20,730,169.9674,5
5807,20,36,48.174,1
5809,24,800,138.0072,5
5811,20,1800,221.2698,6
5812,22,174,48.1782,2
5814,16,280,274.9086,5
5815,25,950,66.5952,5
5818,24,1000,109.5102,4
5819,17,1500,203.841,6
5821,25,600,84.1908,5
5823,19,450,186.3396,6
5824,23,450,175.7532,5
5828,19,800,203.1486,6
5829,19,400,98.2944,3
5831,17,200,91.6326,3
5833,19,100,50.5584,1
5836,24,450,87.354,6
5838,24,250,56.8356,3
5840,18,750,102.786,4
5847,29,365,85.7166,5
5854,23,600,134.3874,5
5855,22,1300,159.927,5
5856,21,1000,201.7314,6
5859,16,2600,88.5684,6
5860,20,400,118.983,6
5861,21,400,97.0002,4
5864,17,400,73.9686,5
5870,26,500,85.9506,3
5871,22,1000,134.6574,5
5873,19,20,65.9064,1
5877,21,25,75.3972,5
5880,17,500,122.571,4
5882,20,1000,69.006,6
5883,33,30,46.542,1
5888,24,600,107.073,5
5892,24,600,128.706,5
5901,19,400,234.9972,5
5903,23,150,140.796,3
5905,19,80,108.3318,5
5907,27,300,105.555,4
5908,24,800,107.4966,4
5911,21,450,84.3522,4
5915,27,800,184.6992,6
5916,26,250,140.8314,4
5925,17,2400,104.8164,5
5926,25,2000,57.7134,4
5927,18,365,67.3992,3
5928,17,610,180.5166,5
5929,31,500,50.6712,4
5931,24,125,89.5452,4
5933,22,300,46.6974,1
5934,18,730,268.0194,6
5943,21,730,85.9692,5
5947,23,730,104.7942,6
5948,28,200,105.7638,5
5950,23,500,76.212,2
5954,21,550,99.7878,4
5955,22,100,99.5784,5
5956,23,1400,195.1164,6
5962,21,700,105.3912,6
5963,17,200,90.774,2
5968,20,730,188.1816,6
5970,21,600,112.3794,4
5971,24,1100,75.3654,5
5973,26,1000,143.7378,6
5978,18,750,126.9762,5
5979,16,300,80.6448,2
5982,24,700,42.0726,1
5983,20,500,186.1218,6
5987,21,300,178.8738,6
5988,26,500,78.9858,4
5995,23,1200,120.6852,5
5997,16,400,201.9108,6
5998,19,400,100.3878,5
6000,19,500,170.1384,6
6002,16,1256,192.3036,3
6004,21,200,160.0782,5
6011,25,300,113.9784,4
6012,26,500,66.222,4
6019,18,700,192.8466,4
6020,22,9000,106.0056,5
6022,24,1880,138.2688,4
6034,22,700,164.3844,6
6039,21,1200,176.8704,6
6040,25,400,214.2684,4
6043,23,400,76.5978,4
6046,21,360,160.0704,6
6047,20,250,117.7332,5
6048,29,320,85.7076,4
6052,24,1500,84.0438,5
6055,16,1000,200.8446,6
6056,22,700,106.215,4
6059,17,500,97.7304,4
6066,16,600,117.7638,5
6067,33,100,98.2176,2
6068,20,800,158.8896,6
6070,19,200,118.9374,3
6071,19,500,151.203,5
6072,26,840,139.4826,6
6074,18,200,146.52,3
6079,21,2500,133.2012,6
6082,19,500,76.632,3
6083,20,500,158.0088,5
6084,17,80,91.6848,3
6085,26,288,119.5176,6
6094,17,730,137.7072,4
6098,17,750,96.0354,4
6099,19,730,172.5708,4
6100,25,200,104.7372,4
6102,25,800,66.417,4
6107,16,1100,131.9886,6
6109,21,2400,133.719,5
6111,21,1800,123.6084,6
6113,28,500,126.2514,4
6114,24,200,144.6222,3
6115,24,1000,80.5332,2
6116,24,500,77.3016,5
6119,24,1260,85.9872,3
6120,20,1000,130.764,5
6123,23,450,94.9794,4
6125,28,500,115.4178,4
6126,21,1000,232.4004,6
6130,28,70,101.7978,3
6133,26,500,82.3464,3
6136,25,400,98.1156,5
6138,16,600,139.824,6
6143,16,300,94.0176,2
6149,18,400,145.5672,5
6156,20,1500,106.554,4
6157,26,1500,73.113,6
6159,20,500,131.7144,5
6160,21,900,88.2372,5
6161,16,200,125.0886,3
6164,19,1000,86.9178,6
6167,19,900,173.9508,6
6169,24,250,71.1426,6
6172,24,200,106.7454,1
6177,21,500,115.7556,7
6180,18,250,122.7948,3
6182,20,1100,252.3096,6
6185,17,170,47.8536,2
6186,22,1600,139.3404,6
6189,21,400,102.195,3
6197,22,600,220.3812,6
6198,18,500,168.7002,6
6206,16,400,148.1742,6
6215,17,500,119.6562,5
6216,17,450,88.0602,3
6217,17,700,62.0832,1
6218,20,1150,155.5842,6
6219,19,400,79.2078,2
6224,21,400,89.4918,3
6226,19,1200,137.292,5
6236,27,50,60.8982,2
6237,20,730,172.953,1
6241,17,250,164.5758,4
6242,24,10260,76.5852,3
6245,20,500,139.6056,5
6248,26,1260,114.3828,5
6253,20,100,136.8276,3
6255,17,600,168.4314,5
6258,24,250,132.0744,6
6262,24,500,66.8496,2
6263,23,650,173.454,4
6265,20,150,137.5104,4
6268,36,200,82.3458,2
6269,22,800,204.936,6
6271,17,1700,194.7306,5
6275,29,300,88.0152,5
6281,22,700,122.0916,5
6282,20,400,173.8164,6
6283,17,100,102.5208,1
6286,22,1500,177.0168,6
6288,22,300,57.5388,2
6289,26,450,151.4604,6
6290,33,400,86.6238,3
6301,22,2200,247.9752,6
6303,25,300,208.3938,5
6305,22,200,91.6206,4
6308,19,600,177.3408,5
6309,23,1000,173.358,6
6311,26,730,101.526,3
6316,20,400,35.4252,1
6321,20,1250,116.7822,5
6322,17,500,87.4632,2
6323,21,800,50.7108,4
6324,27,250,141.6282,1
6326,24,1500,53.0424,4
6327,21,2190,202.4922,6
6329,19,90,77.406,4
6334,23,300,78.2796,4
6336,16,1260,170.9382,6
6339,36,500,69.7284,3
6343,20,730,207.5778,5
6344,20,400,72.5826,2
6345,18,500,145.1982,5
6350,24,350,113.1234,4
6351,20,200,114.2166,3
6352,16,400,54.084,3
6358,23,3000,157.6836,5
6359,26,300,96.2022,2
6364,18,840,118.404,4
6368,30,500,102.426,2
6369,19,450,75.0282,3
6371,19,500,46.9446,3
6378,24,220,110.1738,4
6380,21,700,106.6218,4
6381,18,600,122.8458,5
6383,17,300,70.3926,2
6387,23,750,98.661,4
6390,24,400,109.6854,4
6393,22,3000,169.6974,7
6395,25,100,70.5,2
6397,20,1500,130.716,5
6402,26,730,62.268,5
6407,26,400,69.174,3
6411,18,650,106.0614,6
6412,16,300,67.0446,3
6420,24,1500,139.395,6
6421,21,800,128.9532,5
6423,29,550,70.437,5
6424,23,600,93.0774,4
6425,20,300,135.2568,4
6428,22,500,168.642,6
6430,22,1500,64.2816,4
6431,20,160,129.2226,3
6432,27,350,55.9146,2
6434,20,560,75.3984,3
6440,22,50,80.1252,3
6441,20,400,155.2386,3
6442,19,1000,177.4884,5
6443,16,3000,112.2732,5
6446,23,730,200.2284,6
6449,23,730,182.3736,3
6452,31,300,84.6708,3
6453,20,220,123.7398,4
6454,18,500,127.5114,2
6456,19,500,52.311,4
6457,35,350,112.3818,4
6458,24,500,69.702,2
6466,24,500,95.7972,4
6467,17,1500,164.7216,6
6469,23,1100,225.2022,7
6472,25,600,50.6922,3
6474,24,200,132.6138,6
6476,19,350,213.4776,5
6478,25,700,32.6112,3
6479,25,150,71.1048,2
6481,25,250,105.7092,3
6483,21,500,68.3628,2
6484,20,250,88.0626,5
6489,24,610,125.2404,4
6490,26,500,110.5482,5
6495,20,300,123.1716,4
6496,25,500,56.9742,3
6501,28,100,65.1546,2
6503,25,300,145.4652,4
6507,21,300,79.6548,3
6509,19,850,289.4268,5
6510,21,800,108.9282,4
6511,21,800,107.4774,3
6512,19,500,94.1136,3
6514,25,750,113.2794,4
6517,20,1260,147.9276,6
6518,20,25000,247.0164,6
6520,26,500,140.6622,5
6522,25,400,158.3064,3
6524,32,2000,72.828,4
6525,27,500,111.0432,5
6529,16,600,88.4238,3
6531,22,3000,216.8928,6
6532,26,730,65.8302,4
6533,24,200,94.8258,2
6543,18,1500,149.7492,5
6545,28,200,60.7074,5
6546,19,800,110.8896,4
6547,27,750,68.6358,4
6549,25,250,80.7942,5
6550,28,1000,253.9536,6
6554,25,300,186.4248,4
6557,24,200,123.9822,4
6560,20,600,173.9916,5
6565,18,300,82.3914,2
6567,18,500,86.598,4
6572,22,300,156.8142,6
6573,26,300,124.371,5
6576,27,500,91.9074,3
6581,26,50,62.0004,2
6584,31,1300,130.7862,3
6586,28,800,81.4428,4
6587,17,128,116.4738,4
6588,16,450,175.1322,4
6596,23,100,91.9332,3
6598,19,110,174.6954,6
6600,24,300,110.0604,2
6603,27,900,73.3974,5
6605,25,500,50.781,2
6606,25,540,130.8156,5
6608,22,500,126.3222,4
6609,21,120,96.951,3
6611,19,950,180.8538,6
6615,20,280,129.1194,5
6618,19,400,98.6058,5
6619,26,200,41.9604,1
6623,19,150,74.5506,5
6625,18,1000,143.682,4
6627,17,1350,120.0714,6
6629,19,500,137.925,6
6630,28,500,115.3374,5
6633,30,500,87.2712,3
6638,21,1080,113.139,5
6639,34,500,143.8392,4
6642,27,600,127.5282,6
6643,22,2000,73.3212,3
6645,20,400,231.7392,5
6649,17,500,137.0124,6
6651,27,900,96.3444,4
6653,19,750,76.1976,5
6655,24,600,221.2356,6
6657,33,750,82.149,5
6658,19,700,215.9634,6
6663,21,800,208.2102,6
6664,20,2000,135.492,6
6666,25,100,161.4504,5
6670,16,2000,231.042,6
6672,19,400,64.1772,4
6678,18,500,128.4498,5
6679,24,150,39.0606,2
6683,18,650,88.9056,3
6685,26,750,125.1108,4
6686,17,300,49.53,1
6687,19,800,202.3098,6
6689,26,500,104.6136,5
6693,20,180,46.8324,2
6695,16,75,74.4186,1
6696,19,1350,127.458,6
6698,19,800,186.2046,6
6707,16,700,157.341,3
6708,18,300,107.7774,4
6709,21,600,113.3142,4
6710,23,200,90.372,3
6711,20,730,151.7322,5
6715,18,2000,106.887,6
6718,22,1000,85.7934,3
6720,18,300,116.7366,5
6721,22,500,167.487,4
6728,18,400,105.9618,2
6731,28,1440,71.853,3
6732,21,180,53.937,2
6740,24,500,100.4238,4
6741,19,500,187.1862,6
6742,27,2000,69.4776,6
6744,19,250,37.6506,1
6745,19,666,99.1626,3
6747,21,400,92.2962,3
6752,16,1000,247.8714,5
6757,20,700,220.701,6
6762,19,800,174.1194,6
6767,19,450,176.6268,5
6768,16,120,145.8042,4
6770,18,450,35.2848,1
6775,16,730,125.4156,3
6778,21,250,95.2212,5
6783,28,730,76.584,2
6792,20,1260,198.7848,5
6793,20,2000,244.7916,6
6794,25,4000,133.4052,5
6797,21,1000,151.7886,6
6798,20,854,115.9842,4
6801,27,300,48.9138,2
6802,23,450,156.501,6
6804,23,200,147.0018,6
6805,26,300,131.406,5
6811,16,370,90.6162,5
6812,23,800,83.6118,2
6820,28,500,44.4408,3
6824,16,700,98.9292,5
6826,41,200,54.2166,2
6829,27,900,134.58,5
6832,22,700,133.6362,5
6833,19,2000,181.3902,5
6836,21,250,144.33,5
6840,21,750,106.6656,3
6842,22,30,74.3148,1
6847,35,450,46.8606,1
6852,25,500,108.1866,4
6853,18,100,64.5576,2
6854,18,600,97.623,3
6856,26,600,181.8264,5
6857,20,300,117.198,4
6865,16,1000,88.7616,6
6866,17,900,220.4004,5
6870,34,2000,69.3036,2
6872,19,850,89.3526,4
6874,27,1000,78.4428,5
6876,25,400,101.844,5
6879,36,300,67.7856,2
6882,21,900,239.2884,6
6888,16,50,49.4184,1
6890,24,1100,120.63,6
6891,22,350,52.4922,4
6893,18,350,119.097,4
6894,25,500,124.623,4
6899,29,150,96.933,4
6901,20,450,89.7528,3
6902,32,450,57.4056,3
6904,23,450,107.4432,4
6906,31,500,104.0358,3
6908,25,1300,80.4594,3
6909,16,600,98.2776,2
6913,27,700,76.8456,4
6915,23,400,73.0254,4
6918,25,600,136.3062,6
6925,26,200,114.315,3
6927,16,500,140.7846,5
6928,16,850,139.629,5
6930,23,200,55.6374,3
6938,28,200,76.2048,4
6942,23,800,109.4292,5
6943,23,1600,122.511,5
6944,22,650,122.7204,6
6946,26,600,89.8956,4
6947,18,700,97.9146,4
6952,23,1260,107.0388,4
6954,21,70,153.105,3
6961,26,600,90.7878,4
6963,22,150,119.2752,2
6964,17,2500,263.3832,6
6965,20,1000,110.3352,4
6966,17,300,129.3198,3
6967,32,800,66.1974,5
6969,17,130,73.1736,4
6970,22,700,99.9234,3
6973,23,730,215.01,4
6974,21,250,69.3678,3
6976,22,730,113.9184,4
6978,19,100,54.0606,2
6979,22,1400,113.868,6
6980,20,125,275.7342,6
6981,17,650,165.7386,6
6982,27,50,111.921,4
6988,28,300,94.0068,3
6989,21,700,96.6684,5
6993,22,650,162.1908,6
6994,21,1200,195.8916,6
6995,23,600,138.2484,6
6996,20,700,298.5594,6
6997,22,900,229.3428,5
6998,25,300,104.6796,4
7006,26,350,113.5236,5
7009,24,200,104.1456,5
7011,20,1440,190.5402,6
7013,26,200,110.8644,4
7014,17,1500,181.5948,6
7015,21,1200,160.1394,6
7017,20,350,100.0902,4
7018,38,100,29.8188,3
7022,19,800,113.4858,6
7023,20,1500,145.995,6
7026,19,300,136.116,3
7028,19,800,200.268,6
7032,19,500,64.773,3
7033,16,550,119.7708,5
7038,18,800,90.6954,4
7043,23,1000,59.1084,3
7048,27,500,92.5044,3
7049,25,800,51.6324,2
7059,31,600,96.372,4
7061,21,700,75.276,4
7066,21,400,120.7776,4
7068,21,1400,208.032,5
7072,20,1400,239.3442,6
7073,22,500,143.2086,5
7074,25,1200,86.118,5
7077,21,400,115.8672,5
7079,30,20,41.2764,2
7082,25,2500,216.1602,5
7086,18,65,71.5944,2
7090,25,500,81.5616,3
7091,21,334,163.7748,5
7093,24,90,88.9284,5
7095,26,800,83.7474,5
7096,27,200,120.6918,4
7098,19,150,103.0386,3
7103,21,730,134.091,6
7107,20,700,153.564,6
7110,28,250,138.1668,5
7116,18,400,102.5802,5
7119,20,1000,163.6314,6
7120,22,700,192.1332,6
7124,18,550,97.5108,4
7127,24,2000,129.5514,6
7128,18,500,140.94,5
7129,20,755,169.7904,6
7134,22,700,129.3648,5
7142,28,800,162.5916,5
7149,18,300,141.7302,6
7156,24,750,109.6536,6
7160,27,1000,226.7634,5
7163,24,100,42.7758,3
7166,27,300,59.064,4
7168,21,1500,89.8128,6
7169,21,750,83.0268,6
7170,25,250,78.993,3
7171,24,100,69.8718,4
7174,32,200,51.0426,1
7182,25,200,31.569,1
7188,25,2000,159.5184,5
7193,23,1500,141.1818,5
7196,22,730,158.1996,5
7200,23,300,113.0196,3
7204,18,600,126.8016,4
7205,26,500,130.986,6
7206,22,700,87.273,4
7208,26,600,66.0696,4
7210,19,300,140.0904,4
7212,20,300,271.4262,6
7217,25,600,98.2818,4
7221,23,1500,162.804,6
7225,23,400,80.922,4
7227,26,500,79.0356,5
7228,22,1000,97.6944,5
7229,16,400,117.714,5
7231,27,200,62.6874,4
7232,22,730,77.775,4
7233,21,600,111.708,5
7234,26,300,100.0356,2
7236,23,200,89.6808,3
7239,20,750,147.8538,6
7242,17,800,186.105,6
7245,29,100,53.6172,2
7253,20,500,93.8982,4
7255,17,200,96.0708,2
7257,21,500,182.205,4
7258,23,2400,171.7614,7
7259,20,2000,91.3914,5
7260,21,500,134.7708,4
7266,18,800,160.3662,6
7267,16,1024,142.767,2
7271,21,1460,153.8316,5
7274,23,300,97.0914,3
7281,16,700,154.7772,5
7282,23,900,90.8352,4
7285,24,800,130.5954,5
7287,26,1100,157.7322,6
7290,24,500,112.7994,5
7291,21,200,68.9058,4
7298,36,300,104.289,3
7302,23,600,110.706,3
7304,18,600,134.835,6
7305,27,600,144.5856,6
7309,17,700,290.1222,6
7313,23,150,133.3014,4
7316,26,750,180.36,6
7320,18,1000,133.4052,4
7325,20,1460,126.015,5
7328,24,730,164.9838,5
7332,22,360,97.3206,5
7333,22,500,73.4838,3
7334,19,240,102.4092,4
7339,20,1100,88.8582,6
7341,22,600,236.265,5
7347,21,1400,144.5412,6
7350,23,500,100.5564,5
7351,18,1200,202.3992,6
7352,16,1000,134.5302,6
7354,30,500,136.3038,4
7367,18,900,112.692,5
7368,20,650,194.1546,6
7372,19,500,132.1308,4
7374,21,1460,121.8,5
7376,25,150,119.1336,2
7377,20,400,122.9772,5
7378,16,650,249.1632,6
7379,18,250,110.742,2
7381,25,500,175.0602,4
7384,18,350,192.282,6
7385,23,650,227.2272,4
7387,19,2400,150.5922,5
7389,23,900,88.1538,4
7391,24,1000,125.1288,6
7393,18,350,137.3178,6
7394,25,700,106.3242,4
7396,24,1200,169.5282,6
7397,27,250,161.5758,6
7399,23,3257,187.4922,5
7402,24,50,95.0334,4
7406,24,730,237.2724,6
7407,29,1000,147.7188,4
7409,17,600,128.151,6
7411,31,400,77.67,4
7412,23,450,61.3698,4
7415,24,1000,211.9686,7
7416,23,730,125.5248,5
7419,23,600,71.5272,3
7424,20,1200,122.4426,6
7426,21,1500,126.4566,5
7428,30,1000,119.3772,4
7430,18,208,161.0358,6
7431,18,120,92.2134,3
7433,17,1000,97.5594,4
7434,20,1300,141.3726,4
7435,34,400,56.8584,4
7438,22,1500,118.122,6
7440,21,700,110.1162,5
7444,25,600,119.9988,4
7446,20,100,115.002,4
7448,17,1000,71.6916,5
7450,23,1196,202.0194,6
7451,21,300,105.5328,6
7453,30,150,67.0104,3
7454,30,200,94.416,3
7456,24,1400,193.3422,3
7458,21,1095,219.4398,6
7459,21,550,175.0908,7
7463,23,900,95.9028,6
7464,20,1870,67.9392,1
7465,25,300,105.0876,3
7471,19,800,169.1322,6
7474,22,1000,92.3982,4
7477,22,450,71.6274,4
7478,17,400,132.8898,3
7479,29,1400,134.9532,6
7481,24,600,78.1326,2
7484,22,700,126.9048,6
7490,22,1000,118.6578,4
7493,20,1000,116.5674,6
7494,19,450,75.0432,4
7497,26,990,249.021,4
7500,21,2000,159.3642,5
7504,23,800,118.2726,5
7513,26,730,152.0964,6
7519,18,500,191.115,4
7520,24,500,130.4184,4
7523,26,1800,155.8764,5
7525,21,1000,144.6954,5
7527,21,800,86.3022,4
7528,23,500,91.8972,2
7529,21,800,129.822,6
7530,25,400,159.4872,5
7531,28,200,50.8674,2
7544,22,150,74.6136,2
7548,25,500,46.599,1
7552,31,500,112.8882,4
7560,26,100,111.9732,5
7561,24,600,105.7434,3
7563,31,700,66.9918,6
7565,29,730,122.3328,3
7567,21,950,230.0343,6
7569,18,470,108.0024,5
7571,19,800,223.8966,6
7573,24,2100,211.7124,4
7575,18,800,190.323,5
7576,18,700,123.9654,3
7579,17,1200,131.8434,6
7580,22,800,128.9214,5
7581,27,500,119.5536,4
7587,26,200,124.0722,6
7590,22,400,93.1896,3
7591,17,300,62.4618,2
7592,27,100,159.1386,5
7595,17,1000,154.2318,4
7598,18,600,154.848,6
7602,18,700,129.2106,4
7603,21,450,177.4398,4
7604,19,699,88.5342,5
7608,16,500,137.5188,5
7609,19,700,198.8142,6
7611,20,500,185.889,5
7614,20,700,121.1148,4
7616,23,600,122.604,5
7620,22,850,155.7354,6
7623,22,400,71.088,2
7627,20,350,171.3756,5
7628,25,730,88.0242,5
7630,27,400,96.4746,5
7631,24,300,147.3534,6
7633,18,800,134.652,6
7634,21,350,120.2352,5
7636,19,500,165.582,4
7640,23,2000,147.417,5
7641,23,1000,100.2276,6
7645,21,750,143.862,6
7646,19,340,41.2572,1
7649,23,900,93.3078,4
7650,37,1000,123.4098,5
7654,16,4000,350.4114,6
7655,21,100,142.4628,4
7660,21,1300,122.5092,6
7661,20,650,86.0322,5
7663,18,300,84.1884,4
7666,29,1000,54.4284,1
7667,20,1500,77.3274,5
7676,27,100,76.3044,3
7677,19,1800,159.324,6
7681,19,1500,90.435,5
7685,26,336,64.0734,1
7688,16,900,137.5206,5
7693,19,80,100.2066,3
7695,21,1344,165.5502,4
7699,17,400,140.6124,5
7700,22,250,89.064,1
7705,17,750,114.4662,5
7709,21,800,150.7878,4
7712,24,750,126.087,6
7714,25,400,134.8398,5
7715,18,400,83.2962,3
7718,20,1500,138.5826,5
7719,27,360,114.99,4
7720,25,240,152.7906,5
7721,22,400,170.8218,6
7723,19,520,136.6374,6
7727,20,600,164.346,6
7728,20,1000,61.314,3
7729,23,500,130.4244,6
7732,18,1000,202.89,5
7734,23,400,94.395,4
7736,26,1000,94.0056,5
7737,23,300,104.7984,4
7740,23,730,122.8854,3
7741,21,750,83.2566,5
7745,26,850,98.031,4
7747,24,2250,136.0566,4
7752,21,1500,111.024,6
7756,17,900,156.8736,4
7757,24,550,61.953,4
7760,17,24,48.879,1
7766,16,1000,173.4774,5
7767,22,300,64.7028,2
7770,21,1000,104.0502,5
7771,18,1200,106.752,5
7774,20,450,117.111,4
7783,21,800,263.7198,6
7785,23,700,134.6478,5
7790,28,730,104.4084,4
7792,23,150,83.2944,4
7793,16,500,78.9924,4
7794,21,730,139.5462,5
7795,28,950,150.258,4
7801,19,12,57.1536,2
7804,21,500,73.1424,1
7805,25,400,82.203,4
7806,21,300,134.6472,3
7809,24,730,123.462,4
7810,22,80,52.8882,3
7816,27,900,117.4518,5
7818,18,450,98.8128,5
7820,27,720,135.273,5
7831,16,600,101.0802,3
7832,22,500,97.632,2
7836,21,255,84.5652,4
7844,25,2500,184.2786,6
7847,25,100,124.8396,3
7848,26,1300,188.5512,7
7849,19,400,96.9822,4
7851,21,430,122.2194,5
7853,20,400,110.7282,3
7855,23,1500,140.178,6
7858,22,60,94.7502,3
7863,20,1000,109.8432,4
7865,17,400,174.5022,5
7867,18,1500,136.7148,6
7869,17,1500,176.5986,5
7870,20,300,123.3264,5
7881,17,250,122.6952,4
7883,19,950,225.9114,6
7884,17,350,92.1114,2
7885,18,980,156.0378,4
7886,18,750,148.923,4
7887,24,450,85.9146,2
7888,24,2000,120.1476,4
7889,17,1100,159.2238,7
7893,23,500,80.6748,4
7898,20,1000,214.4652,6
7900,21,450,75.1692,3
7906,24,120,74.7108,2
7909,25,150,37.5,2
7913,23,2000,190.5432,5
7917,22,1000,112.9194,6
7918,31,300,88.9254,3
7919,19,620,96.867,3
7921,25,200,74.6772,4
7922,28,750,179.0754,5
7923,20,300,83.8716,3
7925,16,850,131.3802,4
7926,23,200,116.3904,4
7927,31,600,63.9486,4
7934,20,30,67.2546,2
7935,19,600,140.1918,3
7939,20,500,149.3934,4
7945,22,800,135.2832,4
7946,21,200,96.9408,4
7955,25,360,64.6458,3
7956,18,1400,139.827,5
7957,21,160,90.9126,3
7958,21,415,66.1422,2
7959,32,730,58.8156,4
7960,21,500,120.3672,5
7962,18,300,108.2226,2
7964,18,2400,102.4656,6
7967,33,120,55.1292,2
7968,27,150,95.8944,2
7969,16,800,129.1212,4
7970,18,200,54.2802,4
7971,19,1000,125.2326,3
7974,20,100,61.0146,2
7975,21,800,75.9108,5
7976,21,150,100.7034,1
7978,24,750,98.5464,5
7979,23,500,124.1724,6
7980,26,500,91.968,4
7985,21,250,167.1306,5
7986,22,500,109.9542,4
7988,18,1000,178.7328,4
7989,19,400,134.2224,5
7990,22,500,124.011,5
7991,27,700,222.7338,5
7993,20,250,83.9088,3
7997,17,1320,147.9558,6
7998,17,800,119.8326,6
7999,26,900,202.5648,6
8002,25,750,149.1078,6
8004,39,450,53.769,3
8005,16,800,208.95,3
8006,18,150,153.8304,5
8007,21,700,105.8532,5
8017,23,1000,107.454,6
8018,20,250,108.4212,5
8019,23,150,77.0478,4
8020,18,1000,290.6184,6
8023,19,550,132.8766,5
8024,31,700,55.2216,4
8026,16,1000,200.589,6
8027,21,125,60.594,1
8033,17,60,99.5382,4
8038,27,1000,95.1204,4
8039,18,800,98.8422,3
8041,27,700,69.4854,3
8042,23,700,181.152,6
8043,21,600,210.0804,6
8047,18,1400,240.8034,6
8048,22,2700,179.7546,7
8050,22,700,139.7418,4
8051,24,600,104.181,2
8052,24,500,88.8864,3
8055,19,750,155.8986,6
8062,16,400,77.8632,3
8063,30,420,55.0902,3
8065,17,1100,113.2008,5
8066,19,1260,166.6032,4
8068,36,400,46.9092,3
8073,22,700,147.1464,5
8076,26,300,108.3924,2
8078,17,50,101.7456,3
8079,25,200,70.1022,3
8085,17,50,115.2984,3
8090,21,500,99.282,4
8095,20,600,98.7942,2
8096,25,500,113.7078,4
8098,25,1000,87.3978,5
8104,25,600,156.9996,4
8106,22,400,72.4176,1
8109,27,600,138.0312,4
8114,17,650,56.643,3
8116,24,450,108.8196,5
8117,16,100,59.7024,3
8119,22,250,131.6652,3
8125,28,2000,135.1194,5
8126,18,50,69.8706,3
8129,18,350,127.9752,4
8134,20,200,68.139,3
8135,19,500,85.2966,4
8137,18,700,154.9362,4
8138,31,1800,70.5852,4
8140,20,1600,59.664,3
8145,16,800,76.9332,4
8146,27,500,85.4652,3
8147,20,2000,109.3782,6
8151,22,200,87.4368,2
8152,26,180,111.3534,5
8155,20,100,112.2516,4
8159,26,380,109.7904,3
8160,20,800,172.7046,5
8167,24,800,172.9176,4
8173,22,730,128.1648,3
8174,28,650,65.3142,4
8176,17,20,91.2876,1
8182,19,400,96.7458,5
8184,27,600,116.9676,6
8188,17,1000,182.1216,5
8196,16,730,28.1118,1
8198,21,1000,113.871,4
8202,20,600,104.8392,2
8206,17,400,162.6186,5
8207,25,500,101.349,4
8208,20,130,80.1444,1
8210,22,2000,299.9994,5
8213,26,450,99.5676,2
8217,16,1000,125.0142,5
8218,19,200,69.4998,2
8221,16,500,181.224,6
8222,18,365,127.416,5
8223,23,75,66.495,3
8224,17,1260,204.3654,5
8225,21,750,139.065,5
8226,17,1000,175.5162,6
8227,17,300,135.9282,5
8229,19,550,124.899,6
8236,23,1000,102.7938,6
8239,16,800,260.5266,6
8244,21,400,111.6288,4
8245,21,800,118.5876,6
8246,40,500,60.597,3
8248,21,30,68.682,4
8258,22,600,120.4374,3
8262,16,1500,82.5222,2
8272,23,500,286.2444,5
8276,25,2520,60.513,4
8283,22,500,118.8228,5
8284,19,1000,202.6992,4
8285,22,800,109.2102,5
8288,27,1260,69.141,4
8294,18,450,133.5036,5
8295,18,1800,153.8088,5
8296,26,730,100.5228,4
8300,26,1400,126.1584,6
8303,19,400,82.2612,4
8305,17,100,82.4052,3
8306,26,600,58.5666,1
8313,24,500,143.9214,6
8314,23,400,49.0194,3
8316,21,600,89.109,5
8317,23,2000,106.5318,6
8322,24,1000,82.8864,4
8329,22,600,219.0054,5
8331,18,300,98.1684,4
8332,21,600,217.9494,5
8333,21,1000,98.9022,3
8334,35,500,84.24,3
8335,23,1000,69.4308,3
8338,18,630,93.6336,2
8341,19,600,144.5262,5
8348,19,100,83.682,3
8349,24,1000,184.2468,6
8350,20,500,130.3464,6
8351,19,196,91.3842,2
8353,18,300,68.8164,4
8354,18,1500,121.7664,4
8355,28,100,63.813,3
8358,20,1200,144.0828,4
8360,22,1500,123.717,6
8364,19,500,113.6286,4
8370,23,500,88.3518,2
8374,22,150,134.5398,5
8379,18,300,145.4184,2
8381,17,250,76.5612,2
8383,17,780,159.0462,5
8384,20,200,50.9112,4
8386,23,350,167.1048,6
8387,22,1000,176.4444,4
8391,25,840,74.469,6
8393,21,300,80.7408,3
8405,28,450,81.9714,2
8406,20,300,158.7516,4
8407,22,270,99.0072,4
8408,20,600,81.7656,2
8411,19,640,80.8044,4
8414,22,1000,102.9456,4
8416,19,340,99.2562,2
8417,22,900,70.5282,1
8418,26,1000,75.3984,4
8419,23,500,36.2466,2
8422,21,550,57.4998,2
8428,21,1500,170.0796,5
8429,22,1800,149.0958,5
8431,18,140,90.8652,2
8433,21,400,92.8056,3
8434,23,900,90.7164,5
8435,26,500,47.0802,3
8440,23,1000,185.6538,6
8442,39,500,29.8764,1
8448,17,250,114.5232,3
8454,18,150,63.1158,2
8456,24,1260,146.6124,3
8460,18,21,83.5914,4
8461,24,900,55.0998,3
8467,22,1000,87.8814,6
8468,18,1200,137.1456,6
8470,22,800,96.5724,5
8473,17,1500,122.6004,6
8474,16,1000,210.7992,5
8475,24,500,98.1078,6
8476,20,2000,166.0308,6
8479,19,1000,132.462,5
8480,23,1000,144.6798,6
8482,18,250,123.0042,4
8487,17,500,129.4314,4
8488,21,500,109.3308,4
8491,21,300,116.784,4
8492,24,800,112.038,6
8493,16,750,78.3252,2
8496,25,400,96.4332,4
8497,20,100,179.625,2
8504,25,800,150.3102,6
8505,29,400,249.7284,5
8506,22,200,98.3262,2
8518,21,1000,147.2652,4
8519,21,650,119.5638,4
8520,25,700,78.147,3
8521,31,800,133.179,6
8522,21,500,180.1512,6
8524,23,500,120.3918,5
8526,19,960,301.7682,6
8528,24,400,136.0536,4
8529,29,250,64.3224,4
8530,16,1000,150.6972,6
8532,17,850,125.8236,3
8538,16,730,138.4824,4
8548,22,450,141.6672,5
8550,20,1300,208.7646,6
8556,37,600,44.9682,3
8559,16,200,71.8128,2
8560,20,100,174.0006,6
8561,22,730,135.0156,5
8563,21,500,85.4664,3
8564,22,400,137.163,6
8567,17,500,99.7578,6
8570,18,800,99.9498,5
8573,20,800,225.9846,5
8575,23,300,106.2996,4
8577,21,180,77.5512,3
8578,23,730,180.8406,3
8581,18,400,94.185,2
8589,20,2200,163.6674,5
8593,20,800,125.8266,4
8596,29,1100,104.415,4
8602,21,450,116.769,6
8603,20,200,73.6074,3
8604,22,153,95.2848,4
8605,33,300,52.0476,1
8606,16,1500,259.3788,6
8607,20,700,81.2796,5
8608,17,250,115.1166,3
8612,22,700,93.645,3
8613,20,1300,114.2334,5
8617,23,600,120.0936,6
8618,22,1000,133.6758,6
8619,18,730,198.3906,3
8621,16,700,91.9794,5
8623,18,500,76.2204,3
8624,26,1800,195.2226,6
8627,29,220,61.0446,3
8629,27,450,90.4338,1
8630,20,1098,108.012,5
8632,20,546,153.7362,6
8635,16,500,131.0976,2
8637,22,433,83.076,6
8638,20,700,123.393,5
8639,20,610,248.3346,6
8643,16,800,110.1918,6
8649,22,850,114.1458,5
8653,17,2000,201.2334,5
8655,23,1200,61.908,2
8663,31,730,46.4748,4
8664,16,500,127.0608,3
8665,26,1560,112.6362,5
8666,29,850,176.985,6
8672,23,2000,298.7952,7
8673,23,300,130.5282,5
8681,24,700,225.1656,6
8684,19,500,78.2106,5
8690,24,450,69.1434,3
8691,22,650,125.4558,5
8694,17,900,194.9988,6
8700,22,600,135.4074,5
8707,24,1500,126.168,5
8709,22,936,89.7594,6
8710,19,400,67.6584,4
8712,25,850,91.4784,6
8713,28,700,140.5338,6
8717,18,420,62.8572,4
8718,26,50,40.5456,1
8719,25,730,58.6932,4
8722,19,450,131.6514,4
8727,24,1400,155.997,3
8730,24,100,108.4764,4
8734,40,150,38.559,1
8737,21,450,102.7818,3
8742,22,120,125.028,5
8743,28,200,71.0988,3
8747,17,1000,108.9,5
8748,23,300,98.652,2
8750,22,2000,179.6622,6
8751,19,700,151.8054,6
8754,20,2000,163.1166,5
8755,30,150,25.4442,1
8760,23,1500,212.148,7
8764,23,2000,188.3538,5
8766,22,450,107.9598,3
8780,18,50,62.7888,2
8784,20,72,85.8636,5
8785,18,150,101.073,3
8788,23,1800,61.6998,2
8790,20,900,163.8978,6
8795,21,700,103.6908,4
8796,23,1250,68.0034,2
8798,22,750,82.5918,4
8800,20,480,54.3408,2
8801,21,1500,157.7346,5
8802,32,100,116.1432,2
8805,25,1460,123.7056,5
8809,17,200,172.4166,4
8812,20,600,143.121,3
8813,19,1560,123.642,4
8815,21,1000,74.268,5
8817,23,2500,210.1758,5
8820,40,580,46.8714,3
8821,22,750,86.6838,6
8824,24,1150,184.2192,4
8831,38,450,87.4404,3
8832,31,450,171.456,4
8834,24,300,136.7712,5
8840,16,850,151.1184,5
8841,20,750,148.2606,5
8845,18,250,82.0158,3
8849,19,30,47.2152,1
8851,26,240,101.4558,5
8854,26,400,93.5232,4
8857,17,1300,207.9174,6
8865,16,300,62.1174,3
8866,17,200,130.5294,3
8867,22,500,102.7062,5
8869,21,200,139.9836,4
8870,23,300,111.1806,4
8871,23,750,132.1728,5
8878,24,650,128.7624,6
8879,17,400,120.9438,4
8883,21,12,47.0112,1
8884,25,1200,216.7734,6
8885,25,200,78.3246,5
8889,20,850,159.3618,6
8891,23,300,130.2834,3
8892,21,40,50.022,2
8895,22,500,66.1536,5
8896,25,1000,72.3816,4
8897,22,900,111.2634,3
8898,24,1260,143.6286,5
8900,19,300,134.4972,5
8906,24,40,37.263,1
8908,21,750,121.6212,5
8910,25,500,118.9668,4
8912,22,2000,217.3608,6
8922,33,330,57.9942,4
8924,18,300,97.7454,3
8926,26,500,164.8596,6
8932,23,700,196.7874,5
8941,18,730,64.8402,2
8952,28,900,105.8148,4
8958,21,500,170.4012,5
8966,19,350,112.6008,5
8967,32,1260,119.2728,4
8974,16,800,73.917,4
8975,19,200,76.164,2
8976,22,200,90.4866,4
8978,25,1200,186.5184,5
8979,33,300,106.8924,5
8982,20,700,157.8408,4
8984,27,200,92.8218,6
8985,27,300,66.4092,2
8992,16,110,156.738,2
8993,16,400,57.051,2
9003,22,800,105.2412,5
9007,28,800,114.1854,5
9009,19,1050,134.4354,3
9012,18,250,52.8486,3
9014,25,420,51.2376,2
9020,25,256,69.7878,2
9021,28,30,98.7384,1
9022,18,1700,117.7368,4
9023,22,1000,94.8474,5
9024,20,1260,90.7542,4
9025,26,77,60.0756,2
9031,23,400,99.4476,2
9033,20,160,137.061,5
9036,26,120,110.9766,4
9038,23,100,106.176,4
9041,30,250,104.853,3
9042,24,1000,157.7262,5
9044,20,80,92.1876,2
9047,17,450,131.7984,4
9048,20,100,87.0168,3
9049,24,300,122.0148,3
9050,26,400,137.412,5
9055,19,6000,102.0114,3
9057,22,105,96.4476,3
9058,23,900,252.1404,5
9061,27,1000,70.8642,3
9063,20,740,102.8022,4
9068,20,800,56.5296,4
9071,22,720,124.3374,5
9072,19,400,75.8022,3
9075,24,600,128.4342,3
9076,19,400,141.147,5
9078,21,20,53.2404,2
9081,19,700,90.8406,5
9082,26,300,88.8702,3
9085,30,200,126.6684,4
9086,24,700,142.7994,5
9087,16,800,127.227,3
9092,21,2000,161.6652,6
9098,23,240,171.4218,7
9099,24,500,149.3976,5
9105,21,730,91.311,4
9110,16,800,98.7642,5
9116,18,850,126.1446,5
9118,20,730,110.9574,4
9121,20,700,193.692,6
9124,18,950,372.6426,5
9125,28,730,109.9008,5
9126,18,500,211.2354,6
9128,23,800,83.3202,4
9130,17,500,95.565,3
9131,17,148,125.3328,6
9132,20,700,77.694,3
9134,25,800,88.5564,5
9141,24,730,121.4622,6
9143,18,100,56.097,4
9148,18,500,135.8496,3
9153,16,1000,203.2608,6
9157,23,700,149.4762,3
9158,26,400,59.3598,3
9160,20,100,51.6534,1
9161,34,110,61.0746,2
9162,27,400,54.3882,3
9163,21,300,88.4328,3
9178,29,400,76.443,4
9182,33,1000,89.4624,3
9184,19,120,86.0274,2
9185,37,300,22.0596,1
9192,18,200,94.17,4
9193,24,150,121.5486,3
9194,36,350,58.827,3
9196,27,730,158.2938,6
9197,21,700,107.9514,5
9199,24,600,96.2958,5
9200,30,2880,64.359,4
9202,21,730,132.4128,7
9203,27,700,111.8574,5
9206,19,150,62.394,2
9208,18,500,73.4898,3
9213,34,364,77.5512,5
9215,29,700,107.2092,4
9216,30,240,54.84,2
9218,16,350,129.9708,4
9219,19,400,80.4,2
9223,18,730,233.4966,5
9224,25,200,74.3232,1
9225,26,300,146.3508,5
9228,19,500,49.047,3
9230,28,56,100.5414,3
9232,27,400,61.3848,2
9234,22,1000,209.148,6
9236,27,1200,65.6622,4
9237,21,730,173.9034,4
9240,31,750,89.2404,2
9243,31,60,95.5152,2
9244,23,600,88.5822,6
9245,16,500,131.0706,5
9246,20,830,152.1852,6
9247,24,200,117.6942,5
9251,30,650,53.6844,3
9253,19,500,216.4782,4
9255,24,2000,278.2188,6
9256,21,560,88.4742,4
9260,23,1500,96.6198,4
9261,20,400,158.139,4
9264,16,1500,186.132,5
9265,21,100,121.6992,4
9270,20,400,134.2848,3
9271,22,400,88.8246,4
